batch,signer_id,label,landmark_path,stickman_video_path,frame_count,left_hand_frame_pct,right_hand_frame_pct,both_hands_missing_frame_pct,sample_flags
Batch 1,196,.mp4,KSL-Dataset/Pose Data/Batch 1/196/Extract/Landmarks/.mp4.npy,KSL-Dataset/Pose Data/Batch 1/196/Extract/Stickmans/.mp4.mp4,49,73.47,14.29,22.45,
Batch 1,196,TRUE,KSL-Dataset/Pose Data/Batch 1/196/Extract/Landmarks/TRUE.npy,KSL-Dataset/Pose Data/Batch 1/196/Extract/Stickmans/TRUE.mp4,25,52.0,0.0,48.0,right_hand_missing_all_frames
Batch 1,198,LOVE,KSL-Dataset/Pose Data/Batch 1/198/Extract/Landmarks/LOVE.npy,KSL-Dataset/Pose Data/Batch 1/198/Extract/Stickmans/LOVE.mp4,23,0.0,39.13,60.87,left_hand_missing_all_frames
Batch 1,198,YOU,KSL-Dataset/Pose Data/Batch 1/198/Extract/Landmarks/YOU.npy,KSL-Dataset/Pose Data/Batch 1/198/Extract/Stickmans/YOU.mp4,10,60.0,30.0,40.0,short_sequence
Batch 1,201,BORN,KSL-Dataset/Pose Data/Batch 1/201/Extract/Landmarks/BORN.npy,KSL-Dataset/Pose Data/Batch 1/201/Extract/Stickmans/BORN.mp4,13,38.46,0.0,61.54,right_hand_missing_all_frames
Batch 1,201,MOTHER,KSL-Dataset/Pose Data/Batch 1/201/Extract/Landmarks/MOTHER.npy,KSL-Dataset/Pose Data/Batch 1/201/Extract/Stickmans/MOTHER.mp4,9,77.78,88.89,0.0,short_sequence
Batch 1,201,OLD,KSL-Dataset/Pose Data/Batch 1/201/Extract/Landmarks/OLD.npy,KSL-Dataset/Pose Data/Batch 1/201/Extract/Stickmans/OLD.mp4,7,57.14,71.43,14.29,short_sequence
Batch 1,204,ALWAYS,KSL-Dataset/Pose Data/Batch 1/204/Extract/Landmarks/ALWAYS.npy,KSL-Dataset/Pose Data/Batch 1/204/Extract/Stickmans/ALWAYS.mp4,28,0.0,14.29,85.71,left_hand_missing_all_frames
Batch 1,204,BOTH,KSL-Dataset/Pose Data/Batch 1/204/Extract/Landmarks/BOTH.npy,KSL-Dataset/Pose Data/Batch 1/204/Extract/Stickmans/BOTH.mp4,10,0.0,40.0,60.0,short_sequence;left_hand_missing_all_frames
Batch 1,204,BRIEF,KSL-Dataset/Pose Data/Batch 1/204/Extract/Landmarks/BRIEF.npy,KSL-Dataset/Pose Data/Batch 1/204/Extract/Stickmans/BRIEF.mp4,45,0.0,82.22,17.78,left_hand_missing_all_frames
Batch 1,204,BYE,KSL-Dataset/Pose Data/Batch 1/204/Extract/Landmarks/BYE.npy,KSL-Dataset/Pose Data/Batch 1/204/Extract/Stickmans/BYE.mp4,8,12.5,100.0,0.0,short_sequence
Batch 1,204,CAR,KSL-Dataset/Pose Data/Batch 1/204/Extract/Landmarks/CAR.npy,KSL-Dataset/Pose Data/Batch 1/204/Extract/Stickmans/CAR.mp4,22,0.0,68.18,31.82,left_hand_missing_all_frames
Batch 1,204,DO,KSL-Dataset/Pose Data/Batch 1/204/Extract/Landmarks/DO.npy,KSL-Dataset/Pose Data/Batch 1/204/Extract/Stickmans/DO.mp4,17,0.0,0.0,100.0,left_hand_missing_all_frames;right_hand_missing_all_frames;both_hands_missing_all_frames
Batch 1,204,EARDRUM,KSL-Dataset/Pose Data/Batch 1/204/Extract/Landmarks/EARDRUM.npy,KSL-Dataset/Pose Data/Batch 1/204/Extract/Stickmans/EARDRUM.mp4,70,0.0,100.0,0.0,left_hand_missing_all_frames
Batch 1,204,GOOD,KSL-Dataset/Pose Data/Batch 1/204/Extract/Landmarks/GOOD.npy,KSL-Dataset/Pose Data/Batch 1/204/Extract/Stickmans/GOOD.mp4,10,30.0,20.0,50.0,short_sequence
Batch 1,204,HE,KSL-Dataset/Pose Data/Batch 1/204/Extract/Landmarks/HE.npy,KSL-Dataset/Pose Data/Batch 1/204/Extract/Stickmans/HE.mp4,19,0.0,84.21,15.79,left_hand_missing_all_frames
Batch 1,204,HER,KSL-Dataset/Pose Data/Batch 1/204/Extract/Landmarks/HER.npy,KSL-Dataset/Pose Data/Batch 1/204/Extract/Stickmans/HER.mp4,15,0.0,46.67,53.33,left_hand_missing_all_frames
Batch 1,204,HIS,KSL-Dataset/Pose Data/Batch 1/204/Extract/Landmarks/HIS.npy,KSL-Dataset/Pose Data/Batch 1/204/Extract/Stickmans/HIS.mp4,18,0.0,61.11,38.89,left_hand_missing_all_frames
Batch 1,204,HOUSE,KSL-Dataset/Pose Data/Batch 1/204/Extract/Landmarks/HOUSE.npy,KSL-Dataset/Pose Data/Batch 1/204/Extract/Stickmans/HOUSE.mp4,8,0.0,25.0,75.0,short_sequence;left_hand_missing_all_frames
Batch 1,204,IDEA,KSL-Dataset/Pose Data/Batch 1/204/Extract/Landmarks/IDEA.npy,KSL-Dataset/Pose Data/Batch 1/204/Extract/Stickmans/IDEA.mp4,14,0.0,42.86,57.14,left_hand_missing_all_frames
Batch 1,204,JEFF,KSL-Dataset/Pose Data/Batch 1/204/Extract/Landmarks/JEFF.npy,KSL-Dataset/Pose Data/Batch 1/204/Extract/Stickmans/JEFF.mp4,70,0.0,54.29,45.71,left_hand_missing_all_frames
Batch 1,204,JOSEPH,KSL-Dataset/Pose Data/Batch 1/204/Extract/Landmarks/JOSEPH.npy,KSL-Dataset/Pose Data/Batch 1/204/Extract/Stickmans/JOSEPH.mp4,52,0.0,80.77,19.23,left_hand_missing_all_frames
Batch 1,204,PAPER,KSL-Dataset/Pose Data/Batch 1/204/Extract/Landmarks/PAPER.npy,KSL-Dataset/Pose Data/Batch 1/204/Extract/Stickmans/PAPER.mp4,15,0.0,86.67,13.33,left_hand_missing_all_frames
Batch 1,204,PASS,KSL-Dataset/Pose Data/Batch 1/204/Extract/Landmarks/PASS.npy,KSL-Dataset/Pose Data/Batch 1/204/Extract/Stickmans/PASS.mp4,19,10.53,0.0,89.47,right_hand_missing_all_frames
Batch 1,204,REMARKS,KSL-Dataset/Pose Data/Batch 1/204/Extract/Landmarks/REMARKS.npy,KSL-Dataset/Pose Data/Batch 1/204/Extract/Stickmans/REMARKS.mp4,17,0.0,23.53,76.47,left_hand_missing_all_frames
Batch 1,204,SHE,KSL-Dataset/Pose Data/Batch 1/204/Extract/Landmarks/SHE.npy,KSL-Dataset/Pose Data/Batch 1/204/Extract/Stickmans/SHE.mp4,26,0.0,34.62,65.38,left_hand_missing_all_frames
Batch 1,204,TELL,KSL-Dataset/Pose Data/Batch 1/204/Extract/Landmarks/TELL.npy,KSL-Dataset/Pose Data/Batch 1/204/Extract/Stickmans/TELL.mp4,13,0.0,0.0,100.0,left_hand_missing_all_frames;right_hand_missing_all_frames;both_hands_missing_all_frames
Batch 1,204,TERRY,KSL-Dataset/Pose Data/Batch 1/204/Extract/Landmarks/TERRY.npy,KSL-Dataset/Pose Data/Batch 1/204/Extract/Stickmans/TERRY.mp4,45,0.0,82.22,17.78,left_hand_missing_all_frames
Batch 1,204,THEM,KSL-Dataset/Pose Data/Batch 1/204/Extract/Landmarks/THEM.npy,KSL-Dataset/Pose Data/Batch 1/204/Extract/Stickmans/THEM.mp4,34,0.0,64.71,35.29,left_hand_missing_all_frames
Batch 1,204,THEY,KSL-Dataset/Pose Data/Batch 1/204/Extract/Landmarks/THEY.npy,KSL-Dataset/Pose Data/Batch 1/204/Extract/Stickmans/THEY.mp4,19,0.0,26.32,73.68,left_hand_missing_all_frames
Batch 1,204,TRUE,KSL-Dataset/Pose Data/Batch 1/204/Extract/Landmarks/TRUE.npy,KSL-Dataset/Pose Data/Batch 1/204/Extract/Stickmans/TRUE.mp4,17,0.0,29.41,70.59,left_hand_missing_all_frames
Batch 1,204,VOICE,KSL-Dataset/Pose Data/Batch 1/204/Extract/Landmarks/VOICE.npy,KSL-Dataset/Pose Data/Batch 1/204/Extract/Stickmans/VOICE.mp4,15,0.0,60.0,40.0,left_hand_missing_all_frames
Batch 1,204,WRITE,KSL-Dataset/Pose Data/Batch 1/204/Extract/Landmarks/WRITE.npy,KSL-Dataset/Pose Data/Batch 1/204/Extract/Stickmans/WRITE.mp4,26,0.0,11.54,88.46,left_hand_missing_all_frames
Batch 1,204,YOU,KSL-Dataset/Pose Data/Batch 1/204/Extract/Landmarks/YOU.npy,KSL-Dataset/Pose Data/Batch 1/204/Extract/Stickmans/YOU.mp4,32,0.0,21.88,78.12,left_hand_missing_all_frames
Batch 1,205,CHILD,KSL-Dataset/Pose Data/Batch 1/205/Extract/Landmarks/CHILD.npy,KSL-Dataset/Pose Data/Batch 1/205/Extract/Stickmans/CHILD.mp4,28,0.0,75.0,25.0,left_hand_missing_all_frames
Batch 1,205,COUSIN,KSL-Dataset/Pose Data/Batch 1/205/Extract/Landmarks/COUSIN.npy,KSL-Dataset/Pose Data/Batch 1/205/Extract/Stickmans/COUSIN.mp4,48,0.0,72.92,27.08,left_hand_missing_all_frames
Batch 1,205,PAST,KSL-Dataset/Pose Data/Batch 1/205/Extract/Landmarks/PAST.npy,KSL-Dataset/Pose Data/Batch 1/205/Extract/Stickmans/PAST.mp4,38,0.0,52.63,47.37,left_hand_missing_all_frames
Batch 1,205,SILENT,KSL-Dataset/Pose Data/Batch 1/205/Extract/Landmarks/SILENT.npy,KSL-Dataset/Pose Data/Batch 1/205/Extract/Stickmans/SILENT.mp4,29,0.0,79.31,20.69,left_hand_missing_all_frames
Batch 1,205,YOUNG,KSL-Dataset/Pose Data/Batch 1/205/Extract/Landmarks/YOUNG.npy,KSL-Dataset/Pose Data/Batch 1/205/Extract/Stickmans/YOUNG.mp4,27,0.0,44.44,55.56,left_hand_missing_all_frames
Batch 1,207,HATE,KSL-Dataset/Pose Data/Batch 1/207/Extract/Landmarks/HATE.npy,KSL-Dataset/Pose Data/Batch 1/207/Extract/Stickmans/HATE.mp4,19,0.0,31.58,68.42,left_hand_missing_all_frames
Batch 1,207,HIM,KSL-Dataset/Pose Data/Batch 1/207/Extract/Landmarks/HIM.npy,KSL-Dataset/Pose Data/Batch 1/207/Extract/Stickmans/HIM.mp4,18,0.0,94.44,5.56,left_hand_missing_all_frames
Batch 1,207,ICE,KSL-Dataset/Pose Data/Batch 1/207/Extract/Landmarks/ICE.npy,KSL-Dataset/Pose Data/Batch 1/207/Extract/Stickmans/ICE.mp4,29,0.0,24.14,75.86,left_hand_missing_all_frames
Batch 1,207,KIND,KSL-Dataset/Pose Data/Batch 1/207/Extract/Landmarks/KIND.npy,KSL-Dataset/Pose Data/Batch 1/207/Extract/Stickmans/KIND.mp4,24,0.0,87.5,12.5,left_hand_missing_all_frames
Batch 1,207,LIKE,KSL-Dataset/Pose Data/Batch 1/207/Extract/Landmarks/LIKE.npy,KSL-Dataset/Pose Data/Batch 1/207/Extract/Stickmans/LIKE.mp4,19,0.0,57.89,42.11,left_hand_missing_all_frames
Batch 1,207,MARY,KSL-Dataset/Pose Data/Batch 1/207/Extract/Landmarks/MARY.npy,KSL-Dataset/Pose Data/Batch 1/207/Extract/Stickmans/MARY.mp4,34,0.0,100.0,0.0,left_hand_missing_all_frames
Batch 1,207,ME,KSL-Dataset/Pose Data/Batch 1/207/Extract/Landmarks/ME.npy,KSL-Dataset/Pose Data/Batch 1/207/Extract/Stickmans/ME.mp4,11,0.0,81.82,18.18,short_sequence;left_hand_missing_all_frames
Batch 1,207,WATER,KSL-Dataset/Pose Data/Batch 1/207/Extract/Landmarks/WATER.npy,KSL-Dataset/Pose Data/Batch 1/207/Extract/Stickmans/WATER.mp4,30,0.0,40.0,60.0,left_hand_missing_all_frames
Batch 1,207,YOU,KSL-Dataset/Pose Data/Batch 1/207/Extract/Landmarks/YOU.npy,KSL-Dataset/Pose Data/Batch 1/207/Extract/Stickmans/YOU.mp4,19,0.0,84.21,15.79,left_hand_missing_all_frames
Batch 1,208,.mp4,KSL-Dataset/Pose Data/Batch 1/208/Extract/Landmarks/.mp4.npy,KSL-Dataset/Pose Data/Batch 1/208/Extract/Stickmans/.mp4.mp4,52,94.23,100.0,0.0,
Batch 1,208,ALWAYS,KSL-Dataset/Pose Data/Batch 1/208/Extract/Landmarks/ALWAYS.npy,KSL-Dataset/Pose Data/Batch 1/208/Extract/Stickmans/ALWAYS.mp4,29,0.0,31.03,68.97,left_hand_missing_all_frames
Batch 1,208,FEEL,KSL-Dataset/Pose Data/Batch 1/208/Extract/Landmarks/FEEL.npy,KSL-Dataset/Pose Data/Batch 1/208/Extract/Stickmans/FEEL.mp4,20,0.0,50.0,50.0,left_hand_missing_all_frames
Batch 1,208,FLOWERS,KSL-Dataset/Pose Data/Batch 1/208/Extract/Landmarks/FLOWERS.npy,KSL-Dataset/Pose Data/Batch 1/208/Extract/Stickmans/FLOWERS.mp4,17,0.0,17.65,82.35,left_hand_missing_all_frames
Batch 1,208,FUTURE,KSL-Dataset/Pose Data/Batch 1/208/Extract/Landmarks/FUTURE.npy,KSL-Dataset/Pose Data/Batch 1/208/Extract/Stickmans/FUTURE.mp4,28,0.0,82.14,17.86,left_hand_missing_all_frames
Batch 1,208,GO,KSL-Dataset/Pose Data/Batch 1/208/Extract/Landmarks/GO.npy,KSL-Dataset/Pose Data/Batch 1/208/Extract/Stickmans/GO.mp4,5,0.0,80.0,20.0,short_sequence;left_hand_missing_all_frames
Batch 1,208,SICK,KSL-Dataset/Pose Data/Batch 1/208/Extract/Landmarks/SICK.npy,KSL-Dataset/Pose Data/Batch 1/208/Extract/Stickmans/SICK.mp4,26,0.0,80.77,19.23,left_hand_missing_all_frames
Batch 1,208,WHO,KSL-Dataset/Pose Data/Batch 1/208/Extract/Landmarks/WHO.npy,KSL-Dataset/Pose Data/Batch 1/208/Extract/Stickmans/WHO.mp4,17,0.0,58.82,41.18,left_hand_missing_all_frames
Batch 1,232,YOU,KSL-Dataset/Pose Data/Batch 1/232/Extract/Landmarks/YOU.npy,KSL-Dataset/Pose Data/Batch 1/232/Extract/Stickmans/YOU.mp4,11,100.0,100.0,0.0,short_sequence
Batch 1,233,GO,KSL-Dataset/Pose Data/Batch 1/233/Extract/Landmarks/GO.npy,KSL-Dataset/Pose Data/Batch 1/233/Extract/Stickmans/GO.mp4,26,0.0,88.46,11.54,left_hand_missing_all_frames
Batch 1,233,ME,KSL-Dataset/Pose Data/Batch 1/233/Extract/Landmarks/ME.npy,KSL-Dataset/Pose Data/Batch 1/233/Extract/Stickmans/ME.mp4,13,0.0,100.0,0.0,left_hand_missing_all_frames
Batch 1,233,MINE,KSL-Dataset/Pose Data/Batch 1/233/Extract/Landmarks/MINE.npy,KSL-Dataset/Pose Data/Batch 1/233/Extract/Stickmans/MINE.mp4,10,100.0,70.0,0.0,short_sequence
Batch 1,233,SALUTE,KSL-Dataset/Pose Data/Batch 1/233/Extract/Landmarks/SALUTE.npy,KSL-Dataset/Pose Data/Batch 1/233/Extract/Stickmans/SALUTE.mp4,26,0.0,100.0,0.0,left_hand_missing_all_frames
Batch 1,233,TWO,KSL-Dataset/Pose Data/Batch 1/233/Extract/Landmarks/TWO.npy,KSL-Dataset/Pose Data/Batch 1/233/Extract/Stickmans/TWO.mp4,20,0.0,100.0,0.0,left_hand_missing_all_frames
Batch 1,233,WORD,KSL-Dataset/Pose Data/Batch 1/233/Extract/Landmarks/WORD.npy,KSL-Dataset/Pose Data/Batch 1/233/Extract/Stickmans/WORD.mp4,23,0.0,100.0,0.0,left_hand_missing_all_frames
Batch 1,234,ALWAYS,KSL-Dataset/Pose Data/Batch 1/234/Extract/Landmarks/ALWAYS.npy,KSL-Dataset/Pose Data/Batch 1/234/Extract/Stickmans/ALWAYS.mp4,34,0.0,88.24,11.76,left_hand_missing_all_frames
Batch 1,234,BUS,KSL-Dataset/Pose Data/Batch 1/234/Extract/Landmarks/BUS.npy,KSL-Dataset/Pose Data/Batch 1/234/Extract/Stickmans/BUS.mp4,17,64.71,0.0,35.29,right_hand_missing_all_frames
Batch 1,234,CLIMB,KSL-Dataset/Pose Data/Batch 1/234/Extract/Landmarks/CLIMB.npy,KSL-Dataset/Pose Data/Batch 1/234/Extract/Stickmans/CLIMB.mp4,65,0.0,100.0,0.0,left_hand_missing_all_frames
Batch 1,234,HANDSOME,KSL-Dataset/Pose Data/Batch 1/234/Extract/Landmarks/HANDSOME.npy,KSL-Dataset/Pose Data/Batch 1/234/Extract/Stickmans/HANDSOME.mp4,20,0.0,20.0,80.0,left_hand_missing_all_frames
Batch 1,234,MOUNTAIN,KSL-Dataset/Pose Data/Batch 1/234/Extract/Landmarks/MOUNTAIN.npy,KSL-Dataset/Pose Data/Batch 1/234/Extract/Stickmans/MOUNTAIN.mp4,28,0.0,78.57,21.43,left_hand_missing_all_frames
Batch 1,234,QUESTION,KSL-Dataset/Pose Data/Batch 1/234/Extract/Landmarks/QUESTION.npy,KSL-Dataset/Pose Data/Batch 1/234/Extract/Stickmans/QUESTION.mp4,28,0.0,100.0,0.0,left_hand_missing_all_frames
Batch 1,234,THIS,KSL-Dataset/Pose Data/Batch 1/234/Extract/Landmarks/THIS.npy,KSL-Dataset/Pose Data/Batch 1/234/Extract/Stickmans/THIS.mp4,34,0.0,67.65,32.35,left_hand_missing_all_frames
Batch 1,234,VOCABULARY,KSL-Dataset/Pose Data/Batch 1/234/Extract/Landmarks/VOCABULARY.npy,KSL-Dataset/Pose Data/Batch 1/234/Extract/Stickmans/VOCABULARY.mp4,24,0.0,100.0,0.0,left_hand_missing_all_frames
Batch 1,234,WHO,KSL-Dataset/Pose Data/Batch 1/234/Extract/Landmarks/WHO.npy,KSL-Dataset/Pose Data/Batch 1/234/Extract/Stickmans/WHO.mp4,22,0.0,100.0,0.0,left_hand_missing_all_frames
Batch 1,234,WOMAN,KSL-Dataset/Pose Data/Batch 1/234/Extract/Landmarks/WOMAN.npy,KSL-Dataset/Pose Data/Batch 1/234/Extract/Stickmans/WOMAN.mp4,14,0.0,100.0,0.0,left_hand_missing_all_frames
Batch 1,235,ME,KSL-Dataset/Pose Data/Batch 1/235/Extract/Landmarks/ME.npy,KSL-Dataset/Pose Data/Batch 1/235/Extract/Stickmans/ME.mp4,10,100.0,100.0,0.0,short_sequence
Batch 1,235,SWEET,KSL-Dataset/Pose Data/Batch 1/235/Extract/Landmarks/SWEET.npy,KSL-Dataset/Pose Data/Batch 1/235/Extract/Stickmans/SWEET.mp4,11,100.0,54.55,0.0,short_sequence
Batch 1,235,TRUE,KSL-Dataset/Pose Data/Batch 1/235/Extract/Landmarks/TRUE.npy,KSL-Dataset/Pose Data/Batch 1/235/Extract/Stickmans/TRUE.mp4,24,100.0,0.0,0.0,right_hand_missing_all_frames
Batch 1,238,ARREAS,KSL-Dataset/Pose Data/Batch 1/238/Extract/Landmarks/ARREAS.npy,KSL-Dataset/Pose Data/Batch 1/238/Extract/Stickmans/ARREAS.mp4,66,0.0,93.94,6.06,left_hand_missing_all_frames
Batch 1,238,BOY,KSL-Dataset/Pose Data/Batch 1/238/Extract/Landmarks/BOY.npy,KSL-Dataset/Pose Data/Batch 1/238/Extract/Stickmans/BOY.mp4,39,0.0,64.1,35.9,left_hand_missing_all_frames
Batch 1,238,CANCEL,KSL-Dataset/Pose Data/Batch 1/238/Extract/Landmarks/CANCEL.npy,KSL-Dataset/Pose Data/Batch 1/238/Extract/Stickmans/CANCEL.mp4,27,0.0,0.0,100.0,left_hand_missing_all_frames;right_hand_missing_all_frames;both_hands_missing_all_frames
Batch 1,238,DISTURB,KSL-Dataset/Pose Data/Batch 1/238/Extract/Landmarks/DISTURB.npy,KSL-Dataset/Pose Data/Batch 1/238/Extract/Stickmans/DISTURB.mp4,28,0.0,14.29,85.71,left_hand_missing_all_frames
Batch 1,238,EAT,KSL-Dataset/Pose Data/Batch 1/238/Extract/Landmarks/EAT.npy,KSL-Dataset/Pose Data/Batch 1/238/Extract/Stickmans/EAT.mp4,13,0.0,46.15,53.85,left_hand_missing_all_frames
Batch 1,238,GIRLS,KSL-Dataset/Pose Data/Batch 1/238/Extract/Landmarks/GIRLS.npy,KSL-Dataset/Pose Data/Batch 1/238/Extract/Stickmans/GIRLS.mp4,39,0.0,74.36,25.64,left_hand_missing_all_frames
Batch 1,238,HEAD,KSL-Dataset/Pose Data/Batch 1/238/Extract/Landmarks/HEAD.npy,KSL-Dataset/Pose Data/Batch 1/238/Extract/Stickmans/HEAD.mp4,21,0.0,47.62,52.38,left_hand_missing_all_frames
Batch 1,238,HER,KSL-Dataset/Pose Data/Batch 1/238/Extract/Landmarks/HER.npy,KSL-Dataset/Pose Data/Batch 1/238/Extract/Stickmans/HER.mp4,19,0.0,89.47,10.53,left_hand_missing_all_frames
Batch 1,238,LEAD,KSL-Dataset/Pose Data/Batch 1/238/Extract/Landmarks/LEAD.npy,KSL-Dataset/Pose Data/Batch 1/238/Extract/Stickmans/LEAD.mp4,10,40.0,0.0,60.0,short_sequence;right_hand_missing_all_frames
Batch 1,238,LIKE,KSL-Dataset/Pose Data/Batch 1/238/Extract/Landmarks/LIKE.npy,KSL-Dataset/Pose Data/Batch 1/238/Extract/Stickmans/LIKE.mp4,31,0.0,64.52,35.48,left_hand_missing_all_frames
Batch 1,238,MINE,KSL-Dataset/Pose Data/Batch 1/238/Extract/Landmarks/MINE.npy,KSL-Dataset/Pose Data/Batch 1/238/Extract/Stickmans/MINE.mp4,25,0.0,44.0,56.0,left_hand_missing_all_frames
Batch 1,238,MISTAKE,KSL-Dataset/Pose Data/Batch 1/238/Extract/Landmarks/MISTAKE.npy,KSL-Dataset/Pose Data/Batch 1/238/Extract/Stickmans/MISTAKE.mp4,24,0.0,20.83,79.17,left_hand_missing_all_frames
Batch 1,238,MONEY,KSL-Dataset/Pose Data/Batch 1/238/Extract/Landmarks/MONEY.npy,KSL-Dataset/Pose Data/Batch 1/238/Extract/Stickmans/MONEY.mp4,40,0.0,52.5,47.5,left_hand_missing_all_frames
Batch 1,238,NURSE,KSL-Dataset/Pose Data/Batch 1/238/Extract/Landmarks/NURSE.npy,KSL-Dataset/Pose Data/Batch 1/238/Extract/Stickmans/NURSE.mp4,24,0.0,37.5,62.5,left_hand_missing_all_frames
Batch 1,238,PAST,KSL-Dataset/Pose Data/Batch 1/238/Extract/Landmarks/PAST.npy,KSL-Dataset/Pose Data/Batch 1/238/Extract/Stickmans/PAST.mp4,24,0.0,25.0,75.0,left_hand_missing_all_frames
Batch 1,238,PLEASE,KSL-Dataset/Pose Data/Batch 1/238/Extract/Landmarks/PLEASE.npy,KSL-Dataset/Pose Data/Batch 1/238/Extract/Stickmans/PLEASE.mp4,19,0.0,78.95,21.05,left_hand_missing_all_frames
Batch 1,238,PROBLEM,KSL-Dataset/Pose Data/Batch 1/238/Extract/Landmarks/PROBLEM.npy,KSL-Dataset/Pose Data/Batch 1/238/Extract/Stickmans/PROBLEM.mp4,25,64.0,0.0,36.0,right_hand_missing_all_frames
Batch 1,238,REFUSE,KSL-Dataset/Pose Data/Batch 1/238/Extract/Landmarks/REFUSE.npy,KSL-Dataset/Pose Data/Batch 1/238/Extract/Stickmans/REFUSE.mp4,22,0.0,72.73,27.27,left_hand_missing_all_frames
Batch 1,238,SHE,KSL-Dataset/Pose Data/Batch 1/238/Extract/Landmarks/SHE.npy,KSL-Dataset/Pose Data/Batch 1/238/Extract/Stickmans/SHE.mp4,15,0.0,66.67,33.33,left_hand_missing_all_frames
Batch 1,238,SHOUT,KSL-Dataset/Pose Data/Batch 1/238/Extract/Landmarks/SHOUT.npy,KSL-Dataset/Pose Data/Batch 1/238/Extract/Stickmans/SHOUT.mp4,24,0.0,91.67,8.33,left_hand_missing_all_frames
Batch 1,238,STRIKE,KSL-Dataset/Pose Data/Batch 1/238/Extract/Landmarks/STRIKE.npy,KSL-Dataset/Pose Data/Batch 1/238/Extract/Stickmans/STRIKE.mp4,54,0.0,96.3,3.7,left_hand_missing_all_frames
Batch 1,238,STUPID,KSL-Dataset/Pose Data/Batch 1/238/Extract/Landmarks/STUPID.npy,KSL-Dataset/Pose Data/Batch 1/238/Extract/Stickmans/STUPID.mp4,25,0.0,84.0,16.0,left_hand_missing_all_frames
Batch 1,238,UGALI,KSL-Dataset/Pose Data/Batch 1/238/Extract/Landmarks/UGALI.npy,KSL-Dataset/Pose Data/Batch 1/238/Extract/Stickmans/UGALI.mp4,25,0.0,80.0,20.0,left_hand_missing_all_frames
Batch 1,238,WARN,KSL-Dataset/Pose Data/Batch 1/238/Extract/Landmarks/WARN.npy,KSL-Dataset/Pose Data/Batch 1/238/Extract/Stickmans/WARN.mp4,32,0.0,9.38,90.62,left_hand_missing_all_frames
Batch 1,238,YOURS,KSL-Dataset/Pose Data/Batch 1/238/Extract/Landmarks/YOURS.npy,KSL-Dataset/Pose Data/Batch 1/238/Extract/Stickmans/YOURS.mp4,19,0.0,84.21,15.79,left_hand_missing_all_frames
Batch 1,251,ARE,KSL-Dataset/Pose Data/Batch 1/251/Extract/Landmarks/ARE.npy,KSL-Dataset/Pose Data/Batch 1/251/Extract/Stickmans/ARE.mp4,35,0.0,91.43,8.57,left_hand_missing_all_frames
Batch 1,251,BEAUTIFUL,KSL-Dataset/Pose Data/Batch 1/251/Extract/Landmarks/BEAUTIFUL.npy,KSL-Dataset/Pose Data/Batch 1/251/Extract/Stickmans/BEAUTIFUL.mp4,34,0.0,47.06,52.94,left_hand_missing_all_frames
Batch 1,251,FUTURE,KSL-Dataset/Pose Data/Batch 1/251/Extract/Landmarks/FUTURE.npy,KSL-Dataset/Pose Data/Batch 1/251/Extract/Stickmans/FUTURE.mp4,44,0.0,43.18,56.82,left_hand_missing_all_frames
Batch 1,251,HIGH,KSL-Dataset/Pose Data/Batch 1/251/Extract/Landmarks/HIGH.npy,KSL-Dataset/Pose Data/Batch 1/251/Extract/Stickmans/HIGH.mp4,29,0.0,96.55,3.45,left_hand_missing_all_frames
Batch 1,251,HIT,KSL-Dataset/Pose Data/Batch 1/251/Extract/Landmarks/HIT.npy,KSL-Dataset/Pose Data/Batch 1/251/Extract/Stickmans/HIT.mp4,45,0.0,100.0,0.0,left_hand_missing_all_frames
Batch 1,251,IS,KSL-Dataset/Pose Data/Batch 1/251/Extract/Landmarks/IS.npy,KSL-Dataset/Pose Data/Batch 1/251/Extract/Stickmans/IS.mp4,27,0.0,92.59,7.41,left_hand_missing_all_frames
Batch 1,251,MARVELOUS,KSL-Dataset/Pose Data/Batch 1/251/Extract/Landmarks/MARVELOUS.npy,KSL-Dataset/Pose Data/Batch 1/251/Extract/Stickmans/MARVELOUS.mp4,32,0.0,93.75,6.25,left_hand_missing_all_frames
Batch 1,251,ME,KSL-Dataset/Pose Data/Batch 1/251/Extract/Landmarks/ME.npy,KSL-Dataset/Pose Data/Batch 1/251/Extract/Stickmans/ME.mp4,20,0.0,100.0,0.0,left_hand_missing_all_frames
Batch 1,251,OF,KSL-Dataset/Pose Data/Batch 1/251/Extract/Landmarks/OF.npy,KSL-Dataset/Pose Data/Batch 1/251/Extract/Stickmans/OF.mp4,17,0.0,100.0,0.0,left_hand_missing_all_frames
Batch 1,251,PAST,KSL-Dataset/Pose Data/Batch 1/251/Extract/Landmarks/PAST.npy,KSL-Dataset/Pose Data/Batch 1/251/Extract/Stickmans/PAST.mp4,40,0.0,0.0,100.0,left_hand_missing_all_frames;right_hand_missing_all_frames;both_hands_missing_all_frames
Batch 1,251,PUNCH,KSL-Dataset/Pose Data/Batch 1/251/Extract/Landmarks/PUNCH.npy,KSL-Dataset/Pose Data/Batch 1/251/Extract/Stickmans/PUNCH.mp4,39,0.0,46.15,53.85,left_hand_missing_all_frames
Batch 1,251,QUESTIONMARK,KSL-Dataset/Pose Data/Batch 1/251/Extract/Landmarks/QUESTIONMARK.npy,KSL-Dataset/Pose Data/Batch 1/251/Extract/Stickmans/QUESTIONMARK.mp4,28,0.0,96.43,3.57,left_hand_missing_all_frames
Batch 1,251,SAY,KSL-Dataset/Pose Data/Batch 1/251/Extract/Landmarks/SAY.npy,KSL-Dataset/Pose Data/Batch 1/251/Extract/Stickmans/SAY.mp4,28,0.0,75.0,25.0,left_hand_missing_all_frames
Batch 1,251,YOURS,KSL-Dataset/Pose Data/Batch 1/251/Extract/Landmarks/YOURS.npy,KSL-Dataset/Pose Data/Batch 1/251/Extract/Stickmans/YOURS.mp4,19,0.0,100.0,0.0,left_hand_missing_all_frames
Batch 1,264,.mp4,KSL-Dataset/Pose Data/Batch 1/264/Extract/Landmarks/.mp4.npy,KSL-Dataset/Pose Data/Batch 1/264/Extract/Stickmans/.mp4.mp4,26,100.0,0.0,0.0,right_hand_missing_all_frames
Batch 1,264,ALWAYS,KSL-Dataset/Pose Data/Batch 1/264/Extract/Landmarks/ALWAYS.npy,KSL-Dataset/Pose Data/Batch 1/264/Extract/Stickmans/ALWAYS.mp4,33,33.33,0.0,66.67,right_hand_missing_all_frames
Batch 1,264,BOLT,KSL-Dataset/Pose Data/Batch 1/264/Extract/Landmarks/BOLT.npy,KSL-Dataset/Pose Data/Batch 1/264/Extract/Stickmans/BOLT.mp4,26,100.0,0.0,0.0,right_hand_missing_all_frames
Batch 1,264,BREAK,KSL-Dataset/Pose Data/Batch 1/264/Extract/Landmarks/BREAK.npy,KSL-Dataset/Pose Data/Batch 1/264/Extract/Stickmans/BREAK.mp4,11,36.36,0.0,63.64,short_sequence;right_hand_missing_all_frames
Batch 1,264,BROAD,KSL-Dataset/Pose Data/Batch 1/264/Extract/Landmarks/BROAD.npy,KSL-Dataset/Pose Data/Batch 1/264/Extract/Stickmans/BROAD.mp4,31,80.65,0.0,19.35,right_hand_missing_all_frames
Batch 1,264,CASECASS,KSL-Dataset/Pose Data/Batch 1/264/Extract/Landmarks/CASECASS.npy,KSL-Dataset/Pose Data/Batch 1/264/Extract/Stickmans/CASECASS.mp4,60,93.33,0.0,6.67,right_hand_missing_all_frames
Batch 1,264,EAT,KSL-Dataset/Pose Data/Batch 1/264/Extract/Landmarks/EAT.npy,KSL-Dataset/Pose Data/Batch 1/264/Extract/Stickmans/EAT.mp4,17,64.71,0.0,35.29,right_hand_missing_all_frames
Batch 1,264,FINISH,KSL-Dataset/Pose Data/Batch 1/264/Extract/Landmarks/FINISH.npy,KSL-Dataset/Pose Data/Batch 1/264/Extract/Stickmans/FINISH.mp4,20,0.0,0.0,100.0,left_hand_missing_all_frames;right_hand_missing_all_frames;both_hands_missing_all_frames
Batch 1,264,ME,KSL-Dataset/Pose Data/Batch 1/264/Extract/Landmarks/ME.npy,KSL-Dataset/Pose Data/Batch 1/264/Extract/Stickmans/ME.mp4,10,80.0,80.0,0.0,short_sequence
Batch 1,264,NICE,KSL-Dataset/Pose Data/Batch 1/264/Extract/Landmarks/NICE.npy,KSL-Dataset/Pose Data/Batch 1/264/Extract/Stickmans/NICE.mp4,16,50.0,0.0,50.0,right_hand_missing_all_frames
Batch 1,264,RACE,KSL-Dataset/Pose Data/Batch 1/264/Extract/Landmarks/RACE.npy,KSL-Dataset/Pose Data/Batch 1/264/Extract/Stickmans/RACE.mp4,11,45.45,81.82,18.18,short_sequence
Batch 1,264,SMILE,KSL-Dataset/Pose Data/Batch 1/264/Extract/Landmarks/SMILE.npy,KSL-Dataset/Pose Data/Batch 1/264/Extract/Stickmans/SMILE.mp4,40,32.5,0.0,67.5,right_hand_missing_all_frames
Batch 1,264,STIFF,KSL-Dataset/Pose Data/Batch 1/264/Extract/Landmarks/STIFF.npy,KSL-Dataset/Pose Data/Batch 1/264/Extract/Stickmans/STIFF.mp4,44,90.91,0.0,9.09,right_hand_missing_all_frames
Batch 1,264,STOP,KSL-Dataset/Pose Data/Batch 1/264/Extract/Landmarks/STOP.npy,KSL-Dataset/Pose Data/Batch 1/264/Extract/Stickmans/STOP.mp4,16,56.25,0.0,43.75,right_hand_missing_all_frames
Batch 1,264,WILL,KSL-Dataset/Pose Data/Batch 1/264/Extract/Landmarks/WILL.npy,KSL-Dataset/Pose Data/Batch 1/264/Extract/Stickmans/WILL.mp4,10,100.0,0.0,0.0,short_sequence;right_hand_missing_all_frames
Batch 2,112,.mp4,KSL-Dataset/Pose Data/Batch 2/112/Extract/Landmarks/.mp4.npy,KSL-Dataset/Pose Data/Batch 2/112/Extract/Stickmans/.mp4.mp4,52,100.0,90.38,0.0,
Batch 2,112,24,KSL-Dataset/Pose Data/Batch 2/112/Extract/Landmarks/24.npy,KSL-Dataset/Pose Data/Batch 2/112/Extract/Stickmans/24.mp4,10,100.0,100.0,0.0,short_sequence
Batch 2,112,BY,KSL-Dataset/Pose Data/Batch 2/112/Extract/Landmarks/BY.npy,KSL-Dataset/Pose Data/Batch 2/112/Extract/Stickmans/BY.mp4,8,87.5,100.0,0.0,short_sequence
Batch 2,112,HALF,KSL-Dataset/Pose Data/Batch 2/112/Extract/Landmarks/HALF.npy,KSL-Dataset/Pose Data/Batch 2/112/Extract/Stickmans/HALF.mp4,10,90.0,80.0,10.0,short_sequence
Batch 2,129,BECAUSE,KSL-Dataset/Pose Data/Batch 2/129/Extract/Landmarks/BECAUSE.npy,KSL-Dataset/Pose Data/Batch 2/129/Extract/Stickmans/BECAUSE.mp4,19,0.0,78.95,21.05,left_hand_missing_all_frames
Batch 2,129,BOY,KSL-Dataset/Pose Data/Batch 2/129/Extract/Landmarks/BOY.npy,KSL-Dataset/Pose Data/Batch 2/129/Extract/Stickmans/BOY.mp4,40,0.0,62.5,37.5,left_hand_missing_all_frames
Batch 2,129,FOOD,KSL-Dataset/Pose Data/Batch 2/129/Extract/Landmarks/FOOD.npy,KSL-Dataset/Pose Data/Batch 2/129/Extract/Stickmans/FOOD.mp4,42,0.0,57.14,42.86,left_hand_missing_all_frames
Batch 2,129,GO,KSL-Dataset/Pose Data/Batch 2/129/Extract/Landmarks/GO.npy,KSL-Dataset/Pose Data/Batch 2/129/Extract/Stickmans/GO.mp4,36,0.0,100.0,0.0,left_hand_missing_all_frames
Batch 2,129,LAST,KSL-Dataset/Pose Data/Batch 2/129/Extract/Landmarks/LAST.npy,KSL-Dataset/Pose Data/Batch 2/129/Extract/Stickmans/LAST.mp4,36,0.0,100.0,0.0,left_hand_missing_all_frames
Batch 2,129,LEFT,KSL-Dataset/Pose Data/Batch 2/129/Extract/Landmarks/LEFT.npy,KSL-Dataset/Pose Data/Batch 2/129/Extract/Stickmans/LEFT.mp4,44,31.82,0.0,68.18,right_hand_missing_all_frames
Batch 2,129,ME,KSL-Dataset/Pose Data/Batch 2/129/Extract/Landmarks/ME.npy,KSL-Dataset/Pose Data/Batch 2/129/Extract/Stickmans/ME.mp4,51,0.0,64.71,35.29,left_hand_missing_all_frames
Batch 2,129,OF,KSL-Dataset/Pose Data/Batch 2/129/Extract/Landmarks/OF.npy,KSL-Dataset/Pose Data/Batch 2/129/Extract/Stickmans/OF.mp4,9,0.0,100.0,0.0,short_sequence;left_hand_missing_all_frames
Batch 2,129,SPREAD,KSL-Dataset/Pose Data/Batch 2/129/Extract/Landmarks/SPREAD.npy,KSL-Dataset/Pose Data/Batch 2/129/Extract/Stickmans/SPREAD.mp4,41,0.0,80.49,19.51,left_hand_missing_all_frames
Batch 2,129,SUPER,KSL-Dataset/Pose Data/Batch 2/129/Extract/Landmarks/SUPER.npy,KSL-Dataset/Pose Data/Batch 2/129/Extract/Stickmans/SUPER.mp4,50,0.0,50.0,50.0,left_hand_missing_all_frames
Batch 2,129,TEST,KSL-Dataset/Pose Data/Batch 2/129/Extract/Landmarks/TEST.npy,KSL-Dataset/Pose Data/Batch 2/129/Extract/Stickmans/TEST.mp4,101,0.0,73.27,26.73,left_hand_missing_all_frames
Batch 2,129,UP,KSL-Dataset/Pose Data/Batch 2/129/Extract/Landmarks/UP.npy,KSL-Dataset/Pose Data/Batch 2/129/Extract/Stickmans/UP.mp4,42,0.0,83.33,16.67,left_hand_missing_all_frames
Batch 2,129,YOUR,KSL-Dataset/Pose Data/Batch 2/129/Extract/Landmarks/YOUR.npy,KSL-Dataset/Pose Data/Batch 2/129/Extract/Stickmans/YOUR.mp4,61,0.0,100.0,0.0,left_hand_missing_all_frames
Batch 2,131,ALOT,KSL-Dataset/Pose Data/Batch 2/131/Extract/Landmarks/ALOT.npy,KSL-Dataset/Pose Data/Batch 2/131/Extract/Stickmans/ALOT.mp4,3,100.0,100.0,0.0,short_sequence
Batch 2,140,LUCK,KSL-Dataset/Pose Data/Batch 2/140/Extract/Landmarks/LUCK.npy,KSL-Dataset/Pose Data/Batch 2/140/Extract/Stickmans/LUCK.mp4,28,0.0,85.71,14.29,left_hand_missing_all_frames
Batch 2,140,MAN,KSL-Dataset/Pose Data/Batch 2/140/Extract/Landmarks/MAN.npy,KSL-Dataset/Pose Data/Batch 2/140/Extract/Stickmans/MAN.mp4,25,0.0,92.0,8.0,left_hand_missing_all_frames
Batch 2,140,ME,KSL-Dataset/Pose Data/Batch 2/140/Extract/Landmarks/ME.npy,KSL-Dataset/Pose Data/Batch 2/140/Extract/Stickmans/ME.mp4,15,0.0,86.67,13.33,left_hand_missing_all_frames
Batch 2,140,MIND,KSL-Dataset/Pose Data/Batch 2/140/Extract/Landmarks/MIND.npy,KSL-Dataset/Pose Data/Batch 2/140/Extract/Stickmans/MIND.mp4,31,0.0,38.71,61.29,left_hand_missing_all_frames
Batch 2,140,MINE,KSL-Dataset/Pose Data/Batch 2/140/Extract/Landmarks/MINE.npy,KSL-Dataset/Pose Data/Batch 2/140/Extract/Stickmans/MINE.mp4,28,0.0,75.0,25.0,left_hand_missing_all_frames
Batch 2,140,MOTHER,KSL-Dataset/Pose Data/Batch 2/140/Extract/Landmarks/MOTHER.npy,KSL-Dataset/Pose Data/Batch 2/140/Extract/Stickmans/MOTHER.mp4,48,0.0,12.5,87.5,left_hand_missing_all_frames
Batch 2,140,SHE,KSL-Dataset/Pose Data/Batch 2/140/Extract/Landmarks/SHE.npy,KSL-Dataset/Pose Data/Batch 2/140/Extract/Stickmans/SHE.mp4,29,0.0,86.21,13.79,left_hand_missing_all_frames
Batch 2,140,SILENT,KSL-Dataset/Pose Data/Batch 2/140/Extract/Landmarks/SILENT.npy,KSL-Dataset/Pose Data/Batch 2/140/Extract/Stickmans/SILENT.mp4,17,0.0,82.35,17.65,left_hand_missing_all_frames
Batch 2,140,THINK,KSL-Dataset/Pose Data/Batch 2/140/Extract/Landmarks/THINK.npy,KSL-Dataset/Pose Data/Batch 2/140/Extract/Stickmans/THINK.mp4,20,0.0,90.0,10.0,left_hand_missing_all_frames
Batch 2,147,NICE,KSL-Dataset/Pose Data/Batch 2/147/Extract/Landmarks/NICE.npy,KSL-Dataset/Pose Data/Batch 2/147/Extract/Stickmans/NICE.mp4,28,0.0,67.86,32.14,left_hand_missing_all_frames
Batch 2,148,CUP,KSL-Dataset/Pose Data/Batch 2/148/Extract/Landmarks/CUP.npy,KSL-Dataset/Pose Data/Batch 2/148/Extract/Stickmans/CUP.mp4,7,57.14,57.14,42.86,short_sequence
Batch 2,148,ENOUGH,KSL-Dataset/Pose Data/Batch 2/148/Extract/Landmarks/ENOUGH.npy,KSL-Dataset/Pose Data/Batch 2/148/Extract/Stickmans/ENOUGH.mp4,26,0.0,84.62,15.38,left_hand_missing_all_frames
Batch 2,148,FATHER,KSL-Dataset/Pose Data/Batch 2/148/Extract/Landmarks/FATHER.npy,KSL-Dataset/Pose Data/Batch 2/148/Extract/Stickmans/FATHER.mp4,25,0.0,40.0,60.0,left_hand_missing_all_frames
Batch 2,148,FOOD,KSL-Dataset/Pose Data/Batch 2/148/Extract/Landmarks/FOOD.npy,KSL-Dataset/Pose Data/Batch 2/148/Extract/Stickmans/FOOD.mp4,15,0.0,100.0,0.0,left_hand_missing_all_frames
Batch 2,148,GET,KSL-Dataset/Pose Data/Batch 2/148/Extract/Landmarks/GET.npy,KSL-Dataset/Pose Data/Batch 2/148/Extract/Stickmans/GET.mp4,10,100.0,90.0,0.0,short_sequence
Batch 2,148,HERE,KSL-Dataset/Pose Data/Batch 2/148/Extract/Landmarks/HERE.npy,KSL-Dataset/Pose Data/Batch 2/148/Extract/Stickmans/HERE.mp4,26,0.0,80.77,19.23,left_hand_missing_all_frames
Batch 2,148,MINE,KSL-Dataset/Pose Data/Batch 2/148/Extract/Landmarks/MINE.npy,KSL-Dataset/Pose Data/Batch 2/148/Extract/Stickmans/MINE.mp4,15,0.0,86.67,13.33,left_hand_missing_all_frames
Batch 2,148,NO,KSL-Dataset/Pose Data/Batch 2/148/Extract/Landmarks/NO.npy,KSL-Dataset/Pose Data/Batch 2/148/Extract/Stickmans/NO.mp4,16,0.0,100.0,0.0,left_hand_missing_all_frames
Batch 2,148,PAST,KSL-Dataset/Pose Data/Batch 2/148/Extract/Landmarks/PAST.npy,KSL-Dataset/Pose Data/Batch 2/148/Extract/Stickmans/PAST.mp4,24,0.0,41.67,58.33,left_hand_missing_all_frames
Batch 2,148,SELF,KSL-Dataset/Pose Data/Batch 2/148/Extract/Landmarks/SELF.npy,KSL-Dataset/Pose Data/Batch 2/148/Extract/Stickmans/SELF.mp4,20,0.0,100.0,0.0,left_hand_missing_all_frames
Batch 2,148,SPOON,KSL-Dataset/Pose Data/Batch 2/148/Extract/Landmarks/SPOON.npy,KSL-Dataset/Pose Data/Batch 2/148/Extract/Stickmans/SPOON.mp4,11,0.0,100.0,0.0,short_sequence;left_hand_missing_all_frames
Batch 2,148,TALL,KSL-Dataset/Pose Data/Batch 2/148/Extract/Landmarks/TALL.npy,KSL-Dataset/Pose Data/Batch 2/148/Extract/Stickmans/TALL.mp4,31,0.0,61.29,38.71,left_hand_missing_all_frames
Batch 2,148,WE,KSL-Dataset/Pose Data/Batch 2/148/Extract/Landmarks/WE.npy,KSL-Dataset/Pose Data/Batch 2/148/Extract/Stickmans/WE.mp4,32,0.0,71.88,28.12,left_hand_missing_all_frames
Batch 2,148,YOURS,KSL-Dataset/Pose Data/Batch 2/148/Extract/Landmarks/YOURS.npy,KSL-Dataset/Pose Data/Batch 2/148/Extract/Stickmans/YOURS.mp4,16,0.0,93.75,6.25,left_hand_missing_all_frames
Batch 2,149,.mp4,KSL-Dataset/Pose Data/Batch 2/149/Extract/Landmarks/.mp4.npy,KSL-Dataset/Pose Data/Batch 2/149/Extract/Stickmans/.mp4.mp4,21,85.71,76.19,4.76,
Batch 2,149,ANOTHER,KSL-Dataset/Pose Data/Batch 2/149/Extract/Landmarks/ANOTHER.npy,KSL-Dataset/Pose Data/Batch 2/149/Extract/Stickmans/ANOTHER.mp4,26,0.0,92.31,7.69,left_hand_missing_all_frames
Batch 2,149,ARE,KSL-Dataset/Pose Data/Batch 2/149/Extract/Landmarks/ARE.npy,KSL-Dataset/Pose Data/Batch 2/149/Extract/Stickmans/ARE.mp4,27,0.0,100.0,0.0,left_hand_missing_all_frames
Batch 2,149,COUSIN,KSL-Dataset/Pose Data/Batch 2/149/Extract/Landmarks/COUSIN.npy,KSL-Dataset/Pose Data/Batch 2/149/Extract/Stickmans/COUSIN.mp4,35,0.0,100.0,0.0,left_hand_missing_all_frames
Batch 2,149,LIGHT,KSL-Dataset/Pose Data/Batch 2/149/Extract/Landmarks/LIGHT.npy,KSL-Dataset/Pose Data/Batch 2/149/Extract/Stickmans/LIGHT.mp4,33,0.0,100.0,0.0,left_hand_missing_all_frames
Batch 2,149,SELF,KSL-Dataset/Pose Data/Batch 2/149/Extract/Landmarks/SELF.npy,KSL-Dataset/Pose Data/Batch 2/149/Extract/Stickmans/SELF.mp4,29,0.0,96.55,3.45,left_hand_missing_all_frames
Batch 2,149,SUN,KSL-Dataset/Pose Data/Batch 2/149/Extract/Landmarks/SUN.npy,KSL-Dataset/Pose Data/Batch 2/149/Extract/Stickmans/SUN.mp4,43,0.0,53.49,46.51,left_hand_missing_all_frames
Batch 2,149,YOUR,KSL-Dataset/Pose Data/Batch 2/149/Extract/Landmarks/YOUR.npy,KSL-Dataset/Pose Data/Batch 2/149/Extract/Stickmans/YOUR.mp4,61,0.0,86.89,13.11,left_hand_missing_all_frames
Batch 2,154,BOY THAT,KSL-Dataset/Pose Data/Batch 2/154/Extract/Landmarks/BOY THAT.npy,KSL-Dataset/Pose Data/Batch 2/154/Extract/Stickmans/BOY THAT.mp4,53,100.0,100.0,0.0,
Batch 2,160,COCKROACH,KSL-Dataset/Pose Data/Batch 2/160/Extract/Landmarks/COCKROACH.npy,KSL-Dataset/Pose Data/Batch 2/160/Extract/Stickmans/COCKROACH.mp4,81,0.0,100.0,0.0,left_hand_missing_all_frames
Batch 2,160,EAR,KSL-Dataset/Pose Data/Batch 2/160/Extract/Landmarks/EAR.npy,KSL-Dataset/Pose Data/Batch 2/160/Extract/Stickmans/EAR.mp4,23,0.0,100.0,0.0,left_hand_missing_all_frames
Batch 2,160,EYES,KSL-Dataset/Pose Data/Batch 2/160/Extract/Landmarks/EYES.npy,KSL-Dataset/Pose Data/Batch 2/160/Extract/Stickmans/EYES.mp4,25,0.0,100.0,0.0,left_hand_missing_all_frames
Batch 2,160,LARGE,KSL-Dataset/Pose Data/Batch 2/160/Extract/Landmarks/LARGE.npy,KSL-Dataset/Pose Data/Batch 2/160/Extract/Stickmans/LARGE.mp4,27,0.0,100.0,0.0,left_hand_missing_all_frames
Batch 2,160,ME,KSL-Dataset/Pose Data/Batch 2/160/Extract/Landmarks/ME.npy,KSL-Dataset/Pose Data/Batch 2/160/Extract/Stickmans/ME.mp4,45,0.0,100.0,0.0,left_hand_missing_all_frames
Batch 2,160,NOSTRIL,KSL-Dataset/Pose Data/Batch 2/160/Extract/Landmarks/NOSTRIL.npy,KSL-Dataset/Pose Data/Batch 2/160/Extract/Stickmans/NOSTRIL.mp4,88,0.0,100.0,0.0,left_hand_missing_all_frames
Batch 2,160,TABLE,KSL-Dataset/Pose Data/Batch 2/160/Extract/Landmarks/TABLE.npy,KSL-Dataset/Pose Data/Batch 2/160/Extract/Stickmans/TABLE.mp4,10,100.0,30.0,0.0,short_sequence
Batch 2,160,WHITE,KSL-Dataset/Pose Data/Batch 2/160/Extract/Landmarks/WHITE.npy,KSL-Dataset/Pose Data/Batch 2/160/Extract/Stickmans/WHITE.mp4,24,0.0,100.0,0.0,left_hand_missing_all_frames
Batch 2,160,YOURS,KSL-Dataset/Pose Data/Batch 2/160/Extract/Landmarks/YOURS.npy,KSL-Dataset/Pose Data/Batch 2/160/Extract/Stickmans/YOURS.mp4,30,0.0,100.0,0.0,left_hand_missing_all_frames
Batch 2,161,.mp4,KSL-Dataset/Pose Data/Batch 2/161/Extract/Landmarks/.mp4.npy,KSL-Dataset/Pose Data/Batch 2/161/Extract/Stickmans/.mp4.mp4,19,100.0,100.0,0.0,
Batch 2,165,FUTURE,KSL-Dataset/Pose Data/Batch 2/165/Extract/Landmarks/FUTURE.npy,KSL-Dataset/Pose Data/Batch 2/165/Extract/Stickmans/FUTURE.mp4,15,0.0,100.0,0.0,left_hand_missing_all_frames
Batch 2,165,GOVERNMENT,KSL-Dataset/Pose Data/Batch 2/165/Extract/Landmarks/GOVERNMENT.npy,KSL-Dataset/Pose Data/Batch 2/165/Extract/Stickmans/GOVERNMENT.mp4,36,0.0,72.22,27.78,left_hand_missing_all_frames
Batch 2,165,LEADER,KSL-Dataset/Pose Data/Batch 2/165/Extract/Landmarks/LEADER.npy,KSL-Dataset/Pose Data/Batch 2/165/Extract/Stickmans/LEADER.mp4,52,0.0,100.0,0.0,left_hand_missing_all_frames
Batch 2,165,ME,KSL-Dataset/Pose Data/Batch 2/165/Extract/Landmarks/ME.npy,KSL-Dataset/Pose Data/Batch 2/165/Extract/Stickmans/ME.mp4,55,0.0,16.36,83.64,left_hand_missing_all_frames
Batch 2,165,MUSHROOM,KSL-Dataset/Pose Data/Batch 2/165/Extract/Landmarks/MUSHROOM.npy,KSL-Dataset/Pose Data/Batch 2/165/Extract/Stickmans/MUSHROOM.mp4,80,0.0,90.0,10.0,left_hand_missing_all_frames
Batch 2,166,.mp4,KSL-Dataset/Pose Data/Batch 2/166/Extract/Landmarks/.mp4.npy,KSL-Dataset/Pose Data/Batch 2/166/Extract/Stickmans/.mp4.mp4,85,100.0,100.0,0.0,
Batch 2,166,DEAD,KSL-Dataset/Pose Data/Batch 2/166/Extract/Landmarks/DEAD.npy,KSL-Dataset/Pose Data/Batch 2/166/Extract/Stickmans/DEAD.mp4,67,0.0,94.03,5.97,left_hand_missing_all_frames
Batch 2,166,SILENCE,KSL-Dataset/Pose Data/Batch 2/166/Extract/Landmarks/SILENCE.npy,KSL-Dataset/Pose Data/Batch 2/166/Extract/Stickmans/SILENCE.mp4,42,0.0,100.0,0.0,left_hand_missing_all_frames
Batch 2,166,WANT,KSL-Dataset/Pose Data/Batch 2/166/Extract/Landmarks/WANT.npy,KSL-Dataset/Pose Data/Batch 2/166/Extract/Stickmans/WANT.mp4,23,0.0,100.0,0.0,left_hand_missing_all_frames
Batch 2,166,WISE,KSL-Dataset/Pose Data/Batch 2/166/Extract/Landmarks/WISE.npy,KSL-Dataset/Pose Data/Batch 2/166/Extract/Stickmans/WISE.mp4,34,0.0,97.06,2.94,left_hand_missing_all_frames
Batch 2,173,MYSELF,KSL-Dataset/Pose Data/Batch 2/173/Extract/Landmarks/MYSELF.npy,KSL-Dataset/Pose Data/Batch 2/173/Extract/Stickmans/MYSELF.mp4,17,0.0,100.0,0.0,left_hand_missing_all_frames
Batch 2,173,NO,KSL-Dataset/Pose Data/Batch 2/173/Extract/Landmarks/NO.npy,KSL-Dataset/Pose Data/Batch 2/173/Extract/Stickmans/NO.mp4,12,0.0,100.0,0.0,left_hand_missing_all_frames
Batch 2,173,PAST,KSL-Dataset/Pose Data/Batch 2/173/Extract/Landmarks/PAST.npy,KSL-Dataset/Pose Data/Batch 2/173/Extract/Stickmans/PAST.mp4,26,0.0,50.0,50.0,left_hand_missing_all_frames
Batch 2,173,THERE,KSL-Dataset/Pose Data/Batch 2/173/Extract/Landmarks/THERE.npy,KSL-Dataset/Pose Data/Batch 2/173/Extract/Stickmans/THERE.mp4,20,0.0,80.0,20.0,left_hand_missing_all_frames
Batch 2,174,EGG,KSL-Dataset/Pose Data/Batch 2/174/Extract/Landmarks/EGG.npy,KSL-Dataset/Pose Data/Batch 2/174/Extract/Stickmans/EGG.mp4,33,0.0,100.0,0.0,left_hand_missing_all_frames
Batch 2,174,NICE,KSL-Dataset/Pose Data/Batch 2/174/Extract/Landmarks/NICE.npy,KSL-Dataset/Pose Data/Batch 2/174/Extract/Stickmans/NICE.mp4,34,0.0,100.0,0.0,left_hand_missing_all_frames
Batch 2,174,TOMMORROW,KSL-Dataset/Pose Data/Batch 2/174/Extract/Landmarks/TOMMORROW.npy,KSL-Dataset/Pose Data/Batch 2/174/Extract/Stickmans/TOMMORROW.mp4,44,0.0,100.0,0.0,left_hand_missing_all_frames
Batch 2,65,.mp4,KSL-Dataset/Pose Data/Batch 2/65/Extract/Landmarks/.mp4.npy,KSL-Dataset/Pose Data/Batch 2/65/Extract/Stickmans/.mp4.mp4,48,100.0,100.0,0.0,
Batch 2,65,BOY THAT,KSL-Dataset/Pose Data/Batch 2/65/Extract/Landmarks/BOY THAT.npy,KSL-Dataset/Pose Data/Batch 2/65/Extract/Stickmans/BOY THAT.mp4,44,100.0,93.18,0.0,
Batch 2,76,.mp4,KSL-Dataset/Pose Data/Batch 2/76/Extract/Landmarks/.mp4.npy,KSL-Dataset/Pose Data/Batch 2/76/Extract/Stickmans/.mp4.mp4,33,100.0,51.52,0.0,
Batch 2,76,NICE TWIST,KSL-Dataset/Pose Data/Batch 2/76/Extract/Landmarks/NICE TWIST.npy,KSL-Dataset/Pose Data/Batch 2/76/Extract/Stickmans/NICE TWIST.mp4,39,74.36,64.1,23.08,
Batch 2,76,YOU,KSL-Dataset/Pose Data/Batch 2/76/Extract/Landmarks/YOU.npy,KSL-Dataset/Pose Data/Batch 2/76/Extract/Stickmans/YOU.mp4,22,0.0,100.0,0.0,left_hand_missing_all_frames
