label,normalized_label,sample_count,unique_signers,unique_batches,avg_frame_count,median_frame_count,min_frame_count,max_frame_count,avg_left_hand_frame_pct,avg_right_hand_frame_pct,avg_both_hands_missing_frame_pct,samples_missing_stickman,samples_with_no_left_hand,samples_with_no_right_hand,samples_with_no_hands,label_flags
0,0,1,1,1,12,12,12,12,100.0,100.0,0.0,0,0,0,0,single_sample
10,10,1,1,1,23,23,23,23,78.26,91.3,8.7,0,0,0,0,single_sample
24,24,1,1,1,10,10,10,10,100.0,100.0,0.0,0,0,0,0,single_sample
4,4,1,1,1,24,24,24,24,100.0,79.17,0.0,0,0,0,0,single_sample
ACCEPT,accept,1,1,1,24,24,24,24,87.5,79.17,0.0,0,0,0,0,single_sample
ACROSS,across,1,1,1,41,41,41,41,60.98,70.73,21.95,0,0,0,0,single_sample
ACTION,action,1,1,1,33,33,33,33,87.88,87.88,0.0,0,0,0,0,single_sample
ACTIVE,active,2,2,2,39.5,39.5,26,53,61.65,55.77,26.93,0,0,0,0,low_sample_count
ADD,add,1,1,1,38,38,38,38,100.0,100.0,0.0,0,0,0,0,single_sample
ADULT,adult,1,1,1,28,28,28,28,100.0,57.14,0.0,0,0,0,0,single_sample
ADVOCATE,advocate,1,1,1,31,31,31,31,100.0,90.32,0.0,0,0,0,0,single_sample
AFFECT,affect,2,2,2,64,64.0,26,102,52.75,75.0,0.0,0,0,0,0,low_sample_count
AFRICA,africa,2,2,2,30.5,30.5,25,36,94.0,88.89,0.0,0,0,0,0,low_sample_count
AGE,age,1,1,1,24,24,24,24,100.0,79.17,0.0,0,0,0,0,single_sample
AGO,ago,1,1,1,18,18,18,18,5.56,33.33,61.11,0,0,0,0,single_sample
AHEAD,ahead,1,1,1,32,32,32,32,12.5,93.75,6.25,0,0,0,0,single_sample
ALL,all,8,8,2,34,36.5,14,48,92.66,80.68,4.67,0,0,0,0,
ALOT,alot,5,5,2,23,25,3,34,85.15,95.75,1.46,0,0,0,0,
ALSO,also,1,1,1,22,22,22,22,50.0,22.73,36.36,0,0,0,0,single_sample
ALWAYS,always,11,11,2,41.09,34,28,77,57.53,48.45,21.55,0,3,1,0,
AMERICA,america,1,1,1,51,51,51,51,88.24,78.43,5.88,0,0,0,0,single_sample
ANCESTORS,ancestors,1,1,1,46,46,46,46,63.04,56.52,4.35,0,0,0,0,single_sample
ANIMAL,animal,1,1,1,73,73,73,73,69.86,90.41,6.85,0,0,0,0,single_sample
ANNOUNCE,announce,1,1,1,28,28,28,28,7.14,3.57,89.29,0,0,0,0,single_sample
ANOTHER,another,1,1,1,26,26,26,26,0.0,92.31,7.69,0,1,0,0,single_sample
ANSWER,answer,2,2,1,31,31.0,21,41,82.92,92.8,2.44,0,0,0,0,low_sample_count
ANTONIO,antonio,1,1,1,136,136,136,136,100.0,91.18,0.0,0,0,0,0,single_sample
ANY,any,1,1,1,31,31,31,31,93.55,93.55,0.0,0,0,0,0,single_sample
APPEAR,appear,1,1,1,48,48,48,48,52.08,20.83,45.83,0,0,0,0,single_sample
APPOINTMENT,appointment,1,1,1,42,42,42,42,35.71,21.43,42.86,0,0,0,0,single_sample
ARE,are,4,4,2,30.5,30.0,27,35,50.0,97.86,2.14,0,2,0,0,
ARM,arm,2,2,1,41,41.0,18,64,45.48,86.11,13.89,0,0,0,0,low_sample_count
ARRANGE,arrange,1,1,1,49,49,49,49,100.0,100.0,0.0,0,0,0,0,single_sample
ARREAS,arreas,1,1,1,66,66,66,66,0.0,93.94,6.06,0,1,0,0,single_sample
ASK,ask,3,3,2,27.67,26,25,32,100.0,93.59,0.0,0,0,0,0,
ATIENO,atieno,1,1,1,120,120,120,120,96.67,95.83,0.0,0,0,0,0,single_sample
AUNT,aunt,1,1,1,42,42,42,42,47.62,54.76,0.0,0,0,0,0,single_sample
AVOID,avoid,1,1,1,32,32,32,32,9.38,75.0,25.0,0,0,0,0,single_sample
BABY,baby,2,2,2,55,55.0,35,75,84.0,98.57,0.0,0,0,0,0,low_sample_count
BACK,back,2,2,2,32.5,32.5,21,44,71.43,57.47,14.29,0,0,0,0,low_sample_count
BAD,bad,1,1,1,36,36,36,36,63.89,58.33,0.0,0,0,0,0,single_sample
BAG,bag,2,2,2,31,31.0,20,42,59.88,80.35,8.69,0,0,0,0,low_sample_count
BASIC,basic,1,1,1,45,45,45,45,100.0,100.0,0.0,0,0,0,0,single_sample
BEAUTIFUL,beautiful,2,2,1,35.5,35.5,34,37,50.0,55.96,26.47,0,1,0,0,low_sample_count
BECAUSE,because,1,1,1,19,19,19,19,0.0,78.95,21.05,0,1,0,0,single_sample
BEFORE,before,2,2,1,45,45.0,31,59,85.59,86.44,0.0,0,0,0,0,low_sample_count
BEHAVIOR,behavior,1,1,1,36,36,36,36,100.0,100.0,0.0,0,0,0,0,single_sample
BENEATH,beneath,1,1,1,61,61,61,61,100.0,100.0,0.0,0,0,0,0,single_sample
BERRET,berret,1,1,1,23,23,23,23,95.65,73.91,0.0,0,0,0,0,single_sample
BEST,best,2,2,2,30.5,30.5,27,34,91.17,89.7,5.88,0,0,0,0,low_sample_count
BETRAY,betray,1,1,1,39,39,39,39,100.0,97.44,0.0,0,0,0,0,single_sample
BETTER,better,1,1,1,35,35,35,35,100.0,74.29,0.0,0,0,0,0,single_sample
BIG,big,9,9,2,33,29,19,48,71.94,90.12,6.15,0,0,0,0,
BIRTH,birth,1,1,1,31,31,31,31,41.94,29.03,41.94,0,0,0,0,single_sample
BLACK,black,2,2,2,36,36.0,33,39,48.95,83.69,6.06,0,0,0,0,low_sample_count
BLANKET,blanket,2,2,1,58,58.0,58,58,40.52,35.34,38.8,0,0,0,0,low_sample_count
BLAZER,blazer,1,1,1,22,22,22,22,63.64,77.27,4.55,0,0,0,0,single_sample
BLEED,bleed,1,1,1,22,22,22,22,100.0,90.91,0.0,0,0,0,0,single_sample
BLESSING,blessing,1,1,1,40,40,40,40,80.0,87.5,10.0,0,0,0,0,single_sample
BODY,body,2,2,1,33,33.0,32,34,64.89,92.47,3.12,0,0,0,0,low_sample_count
BOLT,bolt,1,1,1,26,26,26,26,100.0,0.0,0.0,0,0,1,0,single_sample
BOOK,book,7,7,2,39.57,27,16,105,82.48,91.83,4.24,0,0,0,0,
BOOKS,books,3,3,1,48,33,30,81,77.94,83.37,5.56,0,0,0,0,
BORING,boring,1,1,1,31,31,31,31,19.35,100.0,0.0,0,0,0,0,single_sample
BORN,born,2,2,1,32.5,32.5,13,52,61.54,13.46,33.66,0,0,1,0,low_sample_count
BOSS,boss,2,2,2,29,29.0,26,32,90.75,47.84,9.25,0,0,0,0,low_sample_count
BOTH,both,1,1,1,10,10,10,10,0.0,40.0,60.0,0,1,0,0,single_sample
BOTTOM,bottom,1,1,1,118,118,118,118,100.0,99.15,0.0,0,0,0,0,single_sample
BOY,boy,6,6,2,35.5,39.0,25,42,62.08,82.96,12.66,0,2,0,0,
BOY THAT,boythat,2,2,1,48.5,48.5,44,53,100.0,96.59,0.0,0,0,0,0,contains_space;contains_unexpected_characters;low_sample_count
BOYS,boys,1,1,1,23,23,23,23,82.61,78.26,17.39,0,0,0,0,single_sample
BRAIN,brain,1,1,1,49,49,49,49,100.0,95.92,0.0,0,0,0,0,single_sample
BREAD,bread,1,1,1,30,30,30,30,90.0,90.0,0.0,0,0,0,0,single_sample
BREAK,break,2,2,1,20,20.0,11,29,54.38,39.66,38.72,0,0,1,0,low_sample_count
BRIDE,bride,3,3,2,68.33,65,62,78,94.87,85.81,1.28,0,0,0,0,
BRIDEGROOM,bridegroom,1,1,1,62,62,62,62,96.77,82.26,0.0,0,0,0,0,single_sample
BRIEF,brief,1,1,1,45,45,45,45,0.0,82.22,17.78,0,1,0,0,single_sample
BRIGHT,bright,1,1,1,63,63,63,63,100.0,96.83,0.0,0,0,0,0,single_sample
BRING,bring,3,3,2,28.33,28,23,34,66.21,73.38,12.0,0,0,0,0,
BROAD,broad,1,1,1,31,31,31,31,80.65,0.0,19.35,0,0,1,0,single_sample
BROTHER,brother,2,2,1,32,32.0,29,35,90.83,93.99,1.73,0,0,0,0,low_sample_count
BULB,bulb,1,1,1,41,41,41,41,100.0,95.12,0.0,0,0,0,0,single_sample
BUS,bus,1,1,1,17,17,17,17,64.71,0.0,35.29,0,0,1,0,single_sample
BUY,buy,6,6,2,36,32.5,26,61,93.37,77.7,2.51,0,0,0,0,
BY,by,1,1,1,8,8,8,8,87.5,100.0,0.0,0,0,0,0,single_sample
BYE,bye,1,1,1,8,8,8,8,12.5,100.0,0.0,0,0,0,0,single_sample
CAKE,cake,1,1,1,51,51,51,51,94.12,98.04,1.96,0,0,0,0,single_sample
CALM,calm,1,1,1,32,32,32,32,100.0,100.0,0.0,0,0,0,0,single_sample
CAN,can,1,1,1,29,29,29,29,100.0,100.0,0.0,0,0,0,0,single_sample
CANE,cane,1,1,1,69,69,69,69,100.0,98.55,0.0,0,0,0,0,single_sample
CAPTAIN,captain,1,1,1,16,16,16,16,50.0,62.5,25.0,0,0,0,0,single_sample
CAR,car,5,5,2,34,28,22,47,67.18,87.79,11.47,0,1,0,0,
CARE,care,2,2,2,43.5,43.5,39,48,58.34,60.98,35.41,0,0,0,0,low_sample_count
CARRY,carry,2,2,2,33,33.0,32,34,78.4,67.56,15.62,0,0,0,0,low_sample_count
CASECASS,casecass,1,1,1,60,60,60,60,93.33,0.0,6.67,0,0,1,0,single_sample
CASHEWNUTS,cashewnuts,1,1,1,36,36,36,36,72.22,91.67,8.33,0,0,0,0,single_sample
CASSAVA,cassava,1,1,1,27,27,27,27,100.0,92.59,0.0,0,0,0,0,single_sample
CAT,cat,1,1,1,35,35,35,35,100.0,100.0,0.0,0,0,0,0,single_sample
CELEBRATE,celebrate,1,1,1,45,45,45,45,77.78,62.22,20.0,0,0,0,0,single_sample
CHAIR,chair,3,3,2,39.33,47,18,53,99.29,77.74,0.0,0,0,0,0,
CHAMPION,champion,1,1,1,59,59,59,59,62.71,96.61,3.39,0,0,0,0,single_sample
CHANGE,change,1,1,1,18,18,18,18,33.33,22.22,50.0,0,0,0,0,single_sample
CHAPLAIN,chaplain,1,1,1,58,58,58,58,100.0,100.0,0.0,0,0,0,0,single_sample
CHILD,child,3,3,2,38.33,28,28,59,51.41,79.32,8.33,0,1,0,0,
CHILDREN,children,1,1,1,35,35,35,35,100.0,48.57,0.0,0,0,0,0,single_sample
CHINESE,chinese,1,1,1,96,96,96,96,97.92,95.83,0.0,0,0,0,0,single_sample
CHOIR,choir,1,1,1,65,65,65,65,93.85,100.0,0.0,0,0,0,0,single_sample
CHURCH,church,2,2,2,24,24.0,19,29,84.21,94.73,5.26,0,0,0,0,low_sample_count
CITIZENS,citizens,1,1,1,74,74,74,74,97.3,100.0,0.0,0,0,0,0,single_sample
CLASS,class,3,3,2,27.33,25,17,40,77.4,86.67,7.5,0,0,0,0,
CLEAN,clean,2,2,2,26,26.0,18,34,61.11,50.98,33.34,0,0,0,0,low_sample_count
CLIMB,climb,1,1,1,65,65,65,65,0.0,100.0,0.0,0,1,0,0,single_sample
CLOSE,close,2,2,2,35.5,35.5,20,51,84.02,90.0,7.5,0,0,0,0,low_sample_count
CLOTH,cloth,1,1,1,62,62,62,62,80.65,98.39,0.0,0,0,0,0,single_sample
CLOUDS,clouds,1,1,1,40,40,40,40,27.5,65.0,35.0,0,0,0,0,single_sample
COAT,coat,1,1,1,30,30,30,30,83.33,83.33,13.33,0,0,0,0,single_sample
COCKROACH,cockroach,1,1,1,81,81,81,81,0.0,100.0,0.0,0,1,0,0,single_sample
COLD,cold,3,3,2,23.67,20,14,37,77.62,76.9,8.1,0,0,0,0,
COLOR,color,1,1,1,38,38,38,38,47.37,100.0,0.0,0,0,0,0,single_sample
COMBINE,combine,1,1,1,32,32,32,32,96.88,100.0,0.0,0,0,0,0,single_sample
COME,come,11,11,2,29.45,29,19,52,76.92,62.32,12.38,0,0,0,0,
COMMON,common,1,1,1,54,54,54,54,74.07,81.48,5.56,0,0,0,0,single_sample
COMPARE,compare,1,1,1,36,36,36,36,97.22,100.0,0.0,0,0,0,0,single_sample
COMPETE,compete,1,1,1,19,19,19,19,36.84,21.05,52.63,0,0,0,0,single_sample
COMPILE,compile,1,1,1,55,55,55,55,70.91,81.82,0.0,0,0,0,0,single_sample
CONFUSED,confused,1,1,1,33,33,33,33,27.27,87.88,12.12,0,0,0,0,single_sample
CONGREGATION,congregation,1,1,1,64,64,64,64,100.0,98.44,0.0,0,0,0,0,single_sample
CONTINUE,continue,2,2,1,38.5,38.5,38,39,100.0,97.44,0.0,0,0,0,0,low_sample_count
CONTRAST,contrast,1,1,1,23,23,23,23,91.3,82.61,4.35,0,0,0,0,single_sample
CONTRIBUTE,contribute,1,1,1,55,55,55,55,98.18,87.27,0.0,0,0,0,0,single_sample
COOKING,cooking,1,1,1,41,41,41,41,41.46,14.63,56.1,0,0,0,0,single_sample
COOL,cool,1,1,1,35,35,35,35,100.0,97.14,0.0,0,0,0,0,single_sample
COPY,copy,1,1,1,22,22,22,22,86.36,100.0,0.0,0,0,0,0,single_sample
COUNT,count,2,2,1,36.5,36.5,35,38,98.57,97.37,0.0,0,0,0,0,low_sample_count
COURAGE,courage,1,1,1,62,62,62,62,100.0,93.55,0.0,0,0,0,0,single_sample
COUSIN,cousin,2,2,2,41.5,41.5,35,48,0.0,86.46,13.54,0,2,0,0,low_sample_count
COW,cow,1,1,1,27,27,27,27,100.0,81.48,0.0,0,0,0,0,single_sample
CRATE,crate,1,1,1,37,37,37,37,81.08,67.57,18.92,0,0,0,0,single_sample
CROSS,cross,2,2,1,24.5,24.5,21,28,95.24,46.43,4.76,0,0,0,0,low_sample_count
CRY,cry,1,1,1,23,23,23,23,91.3,73.91,0.0,0,0,0,0,single_sample
CUP,cup,2,2,1,23.5,23.5,7,40,71.07,76.07,21.43,0,0,0,0,low_sample_count
DANCE,dance,2,2,1,38.5,38.5,32,45,75.1,68.89,12.22,0,0,0,0,low_sample_count
DATE,date,1,1,1,19,19,19,19,63.16,100.0,0.0,0,0,0,0,single_sample
DAUGHTER,daughter,3,3,2,36,35,21,52,100.0,69.25,0.0,0,0,0,0,
DAY,day,2,2,2,28,28.0,22,34,97.72,90.91,0.0,0,0,0,0,low_sample_count
DEAD,dead,1,1,1,67,67,67,67,0.0,94.03,5.97,0,1,0,0,single_sample
DEPUTY,deputy,1,1,1,28,28,28,28,71.43,78.57,3.57,0,0,0,0,single_sample
DESIRE,desire,2,2,2,41.5,41.5,29,54,88.73,28.06,9.54,0,0,0,0,low_sample_count
DIAGRAM,diagram,1,1,1,58,58,58,58,100.0,100.0,0.0,0,0,0,0,single_sample
DIDE,dide,1,1,1,65,65,65,65,100.0,98.46,0.0,0,0,0,0,single_sample
DIED,died,1,1,1,31,31,31,31,74.19,74.19,12.9,0,0,0,0,single_sample
DIRECT,direct,1,1,1,41,41,41,41,95.12,90.24,4.88,0,0,0,0,single_sample
DISCUSS,discuss,1,1,1,18,18,18,18,83.33,94.44,5.56,0,0,0,0,single_sample
DISSAPEAR,dissapear,1,1,1,26,26,26,26,100.0,73.08,0.0,0,0,0,0,single_sample
DISTURB,disturb,1,1,1,28,28,28,28,0.0,14.29,85.71,0,1,0,0,single_sample
DIVIDE,divide,1,1,1,75,75,75,75,97.33,53.33,0.0,0,0,0,0,single_sample
DOOR,door,1,1,1,37,37,37,37,100.0,100.0,0.0,0,0,0,0,single_sample
DOTS,dots,1,1,1,46,46,46,46,100.0,100.0,0.0,0,0,0,0,single_sample
DRAW,draw,2,2,2,42.5,42.5,35,50,100.0,93.0,0.0,0,0,0,0,low_sample_count
DRESS,dress,3,3,2,38,38,21,55,73.43,54.22,21.72,0,0,0,0,
DRINK,drink,1,1,1,40,40,40,40,42.5,95.0,0.0,0,0,0,0,single_sample
DRIVE,drive,3,3,2,22.33,19,16,32,82.29,83.61,4.17,0,0,0,0,
EAR,ear,1,1,1,23,23,23,23,0.0,100.0,0.0,0,1,0,0,single_sample
EARDRUM,eardrum,1,1,1,70,70,70,70,0.0,100.0,0.0,0,1,0,0,single_sample
EARLY,early,1,1,1,30,30,30,30,86.67,96.67,0.0,0,0,0,0,single_sample
EAST,east,1,1,1,46,46,46,46,100.0,93.48,0.0,0,0,0,0,single_sample
EASY,easy,1,1,1,32,32,32,32,100.0,78.12,0.0,0,0,0,0,single_sample
EAT,eat,4,4,2,19,17.0,13,29,52.38,51.6,22.29,0,1,1,0,
EGG,egg,3,3,2,40,33,30,57,35.56,94.33,3.33,0,1,0,0,
END,end,1,1,1,25,25,25,25,64.0,88.0,0.0,0,0,0,0,single_sample
ENEMY,enemy,1,1,1,72,72,72,72,100.0,100.0,0.0,0,0,0,0,single_sample
ENOUGH,enough,4,4,1,30.75,30.0,26,37,73.22,96.16,3.85,0,1,0,0,
ENTER,enter,4,4,1,50,49.5,44,57,91.69,90.76,2.32,0,0,0,0,
ERASE,erase,1,1,1,44,44,44,44,77.27,100.0,0.0,0,0,0,0,single_sample
ESCAPE,escape,1,1,1,47,47,47,47,100.0,87.23,0.0,0,0,0,0,single_sample
EUROPEENS,europeens,1,1,1,43,43,43,43,93.02,90.7,2.33,0,0,0,0,single_sample
EVENING,evening,1,1,1,18,18,18,18,77.78,77.78,16.67,0,0,0,0,single_sample
EVENT,event,1,1,1,31,31,31,31,100.0,58.06,0.0,0,0,0,0,single_sample
EVERYTHING,everything,1,1,1,58,58,58,58,75.86,63.79,8.62,0,0,0,0,single_sample
EXAM,exam,2,2,1,50,50.0,43,57,91.84,91.56,2.04,0,0,0,0,low_sample_count
EXECUSE,execuse,1,1,1,43,43,43,43,79.07,76.74,16.28,0,0,0,0,single_sample
EXERCISE,exercise,2,2,1,37.5,37.5,20,55,66.59,76.36,9.09,0,0,0,0,low_sample_count
EXPECT,expect,2,2,1,51,51.0,48,54,77.09,75.23,21.88,0,0,0,0,low_sample_count
EXPLAIN,explain,1,1,1,47,47,47,47,87.23,100.0,0.0,0,0,0,0,single_sample
EXPLODE,explode,1,1,1,33,33,33,33,84.85,45.45,15.15,0,0,0,0,single_sample
EXTEND,extend,1,1,1,21,21,21,21,100.0,100.0,0.0,0,0,0,0,single_sample
EXTREMELY,extremely,1,1,1,30,30,30,30,100.0,93.33,0.0,0,0,0,0,single_sample
EYES,eyes,1,1,1,25,25,25,25,0.0,100.0,0.0,0,1,0,0,single_sample
FAILURE,failure,1,1,1,110,110,110,110,100.0,100.0,0.0,0,0,0,0,single_sample
FAIR,fair,1,1,1,37,37,37,37,100.0,91.89,0.0,0,0,0,0,single_sample
FAITH,faith,2,2,2,55.5,55.5,42,69,78.98,91.62,0.72,0,0,0,0,low_sample_count
FALL,fall,2,2,2,34.5,34.5,29,40,79.95,65.39,1.73,0,0,0,0,low_sample_count
FAMILY,family,5,5,2,37.8,34,27,56,63.5,73.04,22.21,0,0,0,0,
FAR,far,2,2,2,24.5,24.5,17,32,58.83,58.83,32.35,0,0,0,0,low_sample_count
FARM,farm,2,2,2,41,41.0,28,54,88.36,78.57,8.93,0,0,0,0,low_sample_count
FASHION,fashion,1,1,1,43,43,43,43,69.77,95.35,0.0,0,0,0,0,single_sample
FAST,fast,1,1,1,20,20,20,20,80.0,60.0,10.0,0,0,0,0,single_sample
FATHER,father,5,5,2,27.2,25,17,40,80.0,75.0,12.0,0,1,0,0,
FEE,fee,1,1,1,34,34,34,34,100.0,100.0,0.0,0,0,0,0,single_sample
FEEL,feel,2,2,1,30.5,30.5,20,41,43.9,64.03,25.0,0,1,0,0,low_sample_count
FELIX,felix,1,1,1,64,64,64,64,100.0,100.0,0.0,0,0,0,0,single_sample
FERTILE,fertile,1,1,1,118,118,118,118,100.0,100.0,0.0,0,0,0,0,single_sample
FIANCEE,fiancee,1,1,1,21,21,21,21,100.0,100.0,0.0,0,0,0,0,single_sample
FIELD,field,1,1,1,42,42,42,42,23.81,23.81,69.05,0,0,0,0,single_sample
FIND,find,2,2,1,29,29.0,27,31,93.31,85.48,4.84,0,0,0,0,low_sample_count
FINISH,finish,4,4,1,26.25,24.5,21,35,97.83,82.07,0.0,0,0,0,0,
FIRE,fire,2,2,2,26,26.0,23,29,85.31,75.86,10.35,0,0,0,0,low_sample_count
FLAT,flat,1,1,1,33,33,33,33,93.94,90.91,0.0,0,0,0,0,single_sample
FLIGHT,flight,1,1,1,67,67,67,67,89.55,100.0,0.0,0,0,0,0,single_sample
FLOWERS,flowers,1,1,1,17,17,17,17,0.0,17.65,82.35,0,1,0,0,single_sample
FOCUS,focus,1,1,1,32,32,32,32,87.5,75.0,12.5,0,0,0,0,single_sample
FOOD,food,6,6,2,29.5,32.5,15,42,48.74,83.43,9.22,0,2,0,0,
FOOTBALL,football,1,1,1,51,51,51,51,96.08,96.08,0.0,0,0,0,0,single_sample
FOR,for,1,1,1,23,23,23,23,95.65,100.0,0.0,0,0,0,0,single_sample
FORCE,force,1,1,1,74,74,74,74,98.65,83.78,0.0,0,0,0,0,single_sample
FOREHEAD,forehead,1,1,1,18,18,18,18,100.0,100.0,0.0,0,0,0,0,single_sample
FREEDOM,freedom,1,1,1,119,119,119,119,86.55,100.0,0.0,0,0,0,0,single_sample
FRIEND,friend,1,1,1,62,62,62,62,96.77,93.55,1.61,0,0,0,0,single_sample
FRIENDS,friends,3,3,2,38,26,26,62,65.8,79.36,17.74,0,0,0,0,
FRONT,front,1,1,1,38,38,38,38,100.0,97.37,0.0,0,0,0,0,single_sample
FRUITS,fruits,1,1,1,39,39,39,39,100.0,89.74,0.0,0,0,0,0,single_sample
FRY,fry,1,1,1,55,55,55,55,92.73,100.0,0.0,0,0,0,0,single_sample
FUL,ful,1,1,1,15,15,15,15,66.67,86.67,6.67,0,0,0,0,single_sample
FULL,full,5,5,2,26.2,26,15,35,82.8,77.91,14.67,0,0,0,0,
FUNERAL,funeral,1,1,1,30,30,30,30,100.0,100.0,0.0,0,0,0,0,single_sample
FUTURE,future,14,14,2,36.14,38.5,13,57,50.82,71.83,18.07,0,3,0,0,
GAME,game,1,1,1,39,39,39,39,69.23,58.97,28.21,0,0,0,0,single_sample
GAS,gas,1,1,1,34,34,34,34,100.0,79.41,0.0,0,0,0,0,single_sample
GET,get,7,7,2,25.57,30,10,38,92.35,85.36,1.84,0,0,0,0,
GIFT,gift,1,1,1,45,45,45,45,97.78,95.56,0.0,0,0,0,0,single_sample
GIRL,girl,4,4,2,29.25,33.0,18,33,88.38,93.94,1.51,0,0,0,0,
GIRLS,girls,2,2,2,31.5,31.5,24,39,50.0,87.18,12.82,0,1,0,0,low_sample_count
GIVE,give,6,6,2,34.83,35.0,28,41,86.53,88.16,5.16,0,0,0,0,
GLASS,glass,1,1,1,25,25,25,25,76.0,60.0,16.0,0,0,0,0,single_sample
GO,go,12,12,2,26.17,27.0,5,37,71.51,78.87,3.41,0,3,0,0,
GOAL,goal,1,1,1,74,74,74,74,100.0,100.0,0.0,0,0,0,0,single_sample
GOD,god,2,2,2,29.5,29.5,23,36,83.94,64.61,2.17,0,0,0,0,low_sample_count
GOLD,gold,1,1,1,44,44,44,44,88.64,86.36,0.0,0,0,0,0,single_sample
GOOD,good,12,12,2,28.75,29.0,10,44,84.5,64.82,9.2,0,0,0,0,
GOVERNMENT,government,1,1,1,36,36,36,36,0.0,72.22,27.78,0,1,0,0,single_sample
GRAMMAR,grammar,1,1,1,60,60,60,60,88.33,83.33,0.0,0,0,0,0,single_sample
GREET,greet,1,1,1,32,32,32,32,28.12,53.12,43.75,0,0,0,0,single_sample
GREETING,greeting,1,1,1,23,23,23,23,95.65,95.65,0.0,0,0,0,0,single_sample
GROOM,groom,1,1,1,32,32,32,32,84.38,21.88,15.62,0,0,0,0,single_sample
GROW,grow,1,1,1,31,31,31,31,90.32,74.19,3.23,0,0,0,0,single_sample
HALF,half,2,2,1,15.5,15.5,10,21,95.0,90.0,5.0,0,0,0,0,low_sample_count
HAND,hand,1,1,1,42,42,42,42,100.0,90.48,0.0,0,0,0,0,single_sample
HANDS,hands,1,1,1,48,48,48,48,64.58,64.58,27.08,0,0,0,0,single_sample
HANDSOME,handsome,1,1,1,20,20,20,20,0.0,20.0,80.0,0,1,0,0,single_sample
HARD,hard,1,1,1,52,52,52,52,53.85,94.23,0.0,0,0,0,0,single_sample
HARSH,harsh,1,1,1,38,38,38,38,100.0,86.84,0.0,0,0,0,0,single_sample
HATE,hate,2,2,1,23,23.0,19,27,50.0,28.75,34.21,0,1,0,0,low_sample_count
HAVE,have,13,13,2,27.31,27,13,41,89.75,92.56,4.76,0,0,0,0,
HE,he,3,3,1,36,42,19,47,55.94,85.81,5.26,0,1,0,0,
HEAD,head,1,1,1,21,21,21,21,0.0,47.62,52.38,0,1,0,0,single_sample
HEALTHY,healthy,1,1,1,40,40,40,40,95.0,72.5,5.0,0,0,0,0,single_sample
HEAVEN,heaven,1,1,1,30,30,30,30,100.0,83.33,0.0,0,0,0,0,single_sample
HEAVY,heavy,1,1,1,51,51,51,51,86.27,66.67,9.8,0,0,0,0,single_sample
HELP,help,6,6,2,29.33,30.0,16,42,76.18,65.03,10.56,0,0,0,0,
HER,her,9,9,2,29.78,19,15,84,66.8,78.29,12.25,0,2,0,0,
HERE,here,4,4,2,25.5,24.5,19,34,52.2,72.94,14.56,0,1,0,0,
HERIDETARY,heridetary,1,1,1,117,117,117,117,100.0,100.0,0.0,0,0,0,0,single_sample
HERS,hers,2,2,1,45.5,45.5,24,67,94.03,99.25,0.0,0,0,0,0,low_sample_count
HIDE,hide,1,1,1,38,38,38,38,100.0,97.37,0.0,0,0,0,0,single_sample
HIGH,high,2,2,2,24.5,24.5,20,29,45.0,75.78,6.72,0,1,0,0,low_sample_count
HIM,him,1,1,1,18,18,18,18,0.0,94.44,5.56,0,1,0,0,single_sample
HIS,his,5,5,2,29.4,32,18,41,58.28,83.0,16.13,0,1,0,0,
HIT,hit,1,1,1,45,45,45,45,0.0,100.0,0.0,0,1,0,0,single_sample
HOBBY,hobby,1,1,1,50,50,50,50,64.0,70.0,12.0,0,0,0,0,single_sample
HOMABAY,homabay,1,1,1,31,31,31,31,12.9,90.32,9.68,0,0,0,0,single_sample
HOME,home,2,2,1,35,35.0,30,40,100.0,100.0,0.0,0,0,0,0,low_sample_count
HONEST,honest,1,1,1,36,36,36,36,100.0,100.0,0.0,0,0,0,0,single_sample
HOSPITAL,hospital,1,1,1,30,30,30,30,23.33,100.0,0.0,0,0,0,0,single_sample
HOT,hot,1,1,1,15,15,15,15,100.0,20.0,0.0,0,0,0,0,single_sample
HOTEL,hotel,1,1,1,27,27,27,27,48.15,77.78,0.0,0,0,0,0,single_sample
HOUSE,house,8,8,2,27.62,24.0,8,54,58.38,79.85,19.01,0,1,0,0,
HUMBLE,humble,2,2,2,25.5,25.5,25,26,100.0,92.31,0.0,0,0,0,0,low_sample_count
ICE,ice,1,1,1,29,29,29,29,0.0,24.14,75.86,0,1,0,0,single_sample
IDEA,idea,1,1,1,14,14,14,14,0.0,42.86,57.14,0,1,0,0,single_sample
IF,if,1,1,1,82,82,82,82,90.24,93.9,4.88,0,0,0,0,single_sample
IMAGINE,imagine,1,1,1,60,60,60,60,56.67,78.33,1.67,0,0,0,0,single_sample
IMPORTANT,important,3,3,2,43,42,38,49,90.47,95.24,2.72,0,0,0,0,
IMPOSE,impose,1,1,1,39,39,39,39,100.0,97.44,0.0,0,0,0,0,single_sample
IMPOSSIBLE,impossible,1,1,1,31,31,31,31,67.74,38.71,12.9,0,0,0,0,single_sample
IN,in,2,2,2,42.5,42.5,33,52,89.42,88.31,0.96,0,0,0,0,low_sample_count
INCREASE,increase,1,1,1,29,29,29,29,100.0,93.1,0.0,0,0,0,0,single_sample
INDISCPLINE,indiscpline,1,1,1,190,190,190,190,26.84,100.0,0.0,0,0,0,0,single_sample
INSIDE,inside,1,1,1,36,36,36,36,36.11,72.22,8.33,0,0,0,0,single_sample
INTERNET,internet,1,1,1,24,24,24,24,25.0,4.17,70.83,0,0,0,0,single_sample
INTERPRET,interpret,1,1,1,17,17,17,17,82.35,100.0,0.0,0,0,0,0,single_sample
INTERVIEW,interview,1,1,1,43,43,43,43,60.47,69.77,20.93,0,0,0,0,single_sample
INTREST,intrest,1,1,1,35,35,35,35,85.71,88.57,11.43,0,0,0,0,single_sample
INVOLVE,involve,1,1,1,28,28,28,28,100.0,89.29,0.0,0,0,0,0,single_sample
IS,is,2,2,2,28,28.0,27,29,34.48,82.5,12.32,0,1,0,0,low_sample_count
ISOLATE,isolate,1,1,1,61,61,61,61,98.36,100.0,0.0,0,0,0,0,single_sample
IT,it,1,1,1,55,55,55,55,94.55,94.55,0.0,0,0,0,0,single_sample
JAIL,jail,1,1,1,36,36,36,36,100.0,97.22,0.0,0,0,0,0,single_sample
JAMES,james,2,2,2,136,136.0,106,166,98.45,99.09,0.0,0,0,0,0,low_sample_count
JANE,jane,2,2,1,76.5,76.5,52,101,80.2,96.12,0.99,0,0,0,0,low_sample_count
JEFF,jeff,1,1,1,70,70,70,70,0.0,54.29,45.71,0,1,0,0,single_sample
JESUS,jesus,1,1,1,41,41,41,41,90.24,95.12,0.0,0,0,0,0,single_sample
JOB,job,1,1,1,58,58,58,58,84.48,36.21,10.34,0,0,0,0,single_sample
JOHN,john,1,1,1,163,163,163,163,100.0,100.0,0.0,0,0,0,0,single_sample
JOIN,join,1,1,1,31,31,31,31,96.77,100.0,0.0,0,0,0,0,single_sample
JOSEPH,joseph,1,1,1,52,52,52,52,0.0,80.77,19.23,0,1,0,0,single_sample
JOSHUA,joshua,1,1,1,66,66,66,66,100.0,93.94,0.0,0,0,0,0,single_sample
JOVIAL,jovial,1,1,1,152,152,152,152,100.0,100.0,0.0,0,0,0,0,single_sample
JOY,joy,1,1,1,57,57,57,57,100.0,96.49,0.0,0,0,0,0,single_sample
KEEP,keep,2,2,1,19.5,19.5,12,27,98.15,82.41,1.85,0,0,0,0,low_sample_count
KILL,kill,1,1,1,34,34,34,34,100.0,76.47,0.0,0,0,0,0,single_sample
KIND,kind,1,1,1,24,24,24,24,0.0,87.5,12.5,0,1,0,0,single_sample
KING,king,1,1,1,20,20,20,20,65.0,5.0,35.0,0,0,0,0,single_sample
KISUMU,kisumu,1,1,1,47,47,47,47,100.0,100.0,0.0,0,0,0,0,single_sample
KNIFE,knife,1,1,1,56,56,56,56,100.0,98.21,0.0,0,0,0,0,single_sample
KNOW,know,1,1,1,27,27,27,27,100.0,81.48,0.0,0,0,0,0,single_sample
LAB,lab,1,1,1,31,31,31,31,80.65,54.84,16.13,0,0,0,0,single_sample
LACK,lack,1,1,1,87,87,87,87,20.69,100.0,0.0,0,0,0,0,single_sample
LADY,lady,4,4,2,28.5,27.0,23,37,57.82,93.45,2.7,0,0,0,0,
LAND,land,3,3,2,33.67,33,31,37,62.44,91.96,2.92,0,0,0,0,
LANGUAGE,language,2,2,2,51.5,51.5,36,67,70.25,91.14,5.97,0,0,0,0,low_sample_count
LAPTOP,laptop,1,1,1,36,36,36,36,97.22,83.33,0.0,0,0,0,0,single_sample
LARGE,large,2,2,1,23.5,23.5,20,27,40.0,100.0,0.0,0,1,0,0,low_sample_count
LAST,last,1,1,1,36,36,36,36,0.0,100.0,0.0,0,1,0,0,single_sample
LATE,late,1,1,1,43,43,43,43,100.0,93.02,0.0,0,0,0,0,single_sample
LAW,law,2,2,2,39,39.0,35,43,97.15,84.28,0.0,0,0,0,0,low_sample_count
LAY,lay,1,1,1,31,31,31,31,100.0,87.1,0.0,0,0,0,0,single_sample
LAZY,lazy,1,1,1,35,35,35,35,100.0,94.29,0.0,0,0,0,0,single_sample
LEAD,lead,1,1,1,10,10,10,10,40.0,0.0,60.0,0,0,1,0,single_sample
LEADER,leader,1,1,1,52,52,52,52,0.0,100.0,0.0,0,1,0,0,single_sample
LEARN,learn,2,2,2,30,30.0,29,31,62.23,79.31,8.62,0,0,0,0,low_sample_count
LEARNER,learner,1,1,1,35,35,35,35,45.71,54.29,17.14,0,0,0,0,single_sample
LECTURE,lecture,1,1,1,33,33,33,33,100.0,96.97,0.0,0,0,0,0,single_sample
LEFT,left,1,1,1,44,44,44,44,31.82,0.0,68.18,0,0,1,0,single_sample
LEG,leg,4,4,2,44,38.5,26,73,55.94,23.59,34.38,0,0,0,0,
LEGUMES,legumes,1,1,1,30,30,30,30,100.0,10.0,0.0,0,0,0,0,single_sample
LICK,lick,1,1,1,42,42,42,42,100.0,71.43,0.0,0,0,0,0,single_sample
LIFE,life,1,1,1,35,35,35,35,48.57,45.71,42.86,0,0,0,0,single_sample
LIGHT,light,3,3,2,39.67,33,28,58,66.67,87.19,0.0,0,1,0,0,
LIKE,like,6,6,2,32.33,30.0,19,54,56.0,81.97,12.93,0,2,0,0,
LIKELY,likely,1,1,1,33,33,33,33,18.18,90.91,0.0,0,0,0,0,single_sample
LINE,line,2,2,1,46.5,46.5,41,52,86.66,85.88,6.1,0,0,0,0,low_sample_count
LIVE,live,2,2,2,34.5,34.5,25,44,93.18,92.05,2.27,0,0,0,0,low_sample_count
LONG,long,4,4,2,33.25,33.0,28,39,88.36,92.33,4.99,0,0,0,0,
LOOK,look,1,1,1,27,27,27,27,100.0,100.0,0.0,0,0,0,0,single_sample
LOST,lost,1,1,1,21,21,21,21,71.43,76.19,19.05,0,0,0,0,single_sample
LOVE,love,13,13,2,27.85,30,17,35,58.06,80.64,12.63,0,1,0,0,
LUCK,luck,1,1,1,28,28,28,28,0.0,85.71,14.29,0,1,0,0,single_sample
LUNCH,lunch,1,1,1,27,27,27,27,22.22,92.59,3.7,0,0,0,0,single_sample
LUO,luo,1,1,1,23,23,23,23,82.61,100.0,0.0,0,0,0,0,single_sample
MAINTAIN,maintain,1,1,1,26,26,26,26,100.0,100.0,0.0,0,0,0,0,single_sample
MAKE,make,7,7,2,35.86,35,25,47,76.2,82.65,9.71,0,0,0,0,
MALE,male,1,1,1,63,63,63,63,87.3,95.24,0.0,0,0,0,0,single_sample
MAN,man,5,5,2,31.8,29,22,53,69.67,81.63,3.49,0,1,0,0,
MANY,many,2,2,2,25.5,25.5,24,27,98.15,96.06,0.0,0,0,0,0,low_sample_count
MARRIED,married,1,1,1,37,37,37,37,24.32,81.08,18.92,0,0,0,0,single_sample
MARRY,marry,3,3,2,27.33,28,21,33,89.68,94.23,0.0,0,0,0,0,
MARVELOUS,marvelous,1,1,1,32,32,32,32,0.0,93.75,6.25,0,1,0,0,single_sample
MARY,mary,1,1,1,34,34,34,34,0.0,100.0,0.0,0,1,0,0,single_sample
MASENO,maseno,1,1,1,29,29,29,29,100.0,68.97,0.0,0,0,0,0,single_sample
MATCH,match,1,1,1,39,39,39,39,51.28,35.9,30.77,0,0,0,0,single_sample
MATHS,maths,1,1,1,24,24,24,24,41.67,66.67,0.0,0,0,0,0,single_sample
MAURINE,maurine,1,1,1,96,96,96,96,100.0,100.0,0.0,0,0,0,0,single_sample
ME,me,30,30,2,23.6,19.5,10,55,65.02,82.09,10.2,0,7,0,0,
MEAT,meat,2,2,1,48.5,48.5,47,50,60.41,93.75,0.0,0,0,0,0,low_sample_count
MEET,meet,1,1,1,22,22,22,22,95.45,95.45,0.0,0,0,0,0,single_sample
MEMBER,member,1,1,1,45,45,45,45,97.78,86.67,0.0,0,0,0,0,single_sample
MEMORISE,memorise,1,1,1,28,28,28,28,100.0,71.43,0.0,0,0,0,0,single_sample
MIDDLE,middle,1,1,1,42,42,42,42,100.0,100.0,0.0,0,0,0,0,single_sample
MILK,milk,2,2,1,25.5,25.5,14,37,47.59,56.85,16.61,0,0,0,0,low_sample_count
MIND,mind,2,2,2,35.5,35.5,31,40,50.0,49.36,30.64,0,1,0,0,low_sample_count
MINDS,minds,1,1,1,42,42,42,42,61.9,61.9,26.19,0,0,0,0,single_sample
MINE,mine,21,21,2,26.14,25,10,63,75.97,86.6,5.67,0,3,0,0,
MINISTER,minister,1,1,1,83,83,83,83,30.12,100.0,0.0,0,0,0,0,single_sample
MINISTRY,ministry,1,1,1,45,45,45,45,66.67,71.11,26.67,0,0,0,0,single_sample
MINUTE,minute,1,1,1,23,23,23,23,100.0,69.57,0.0,0,0,0,0,single_sample
MIRIAM,miriam,1,1,1,63,63,63,63,100.0,100.0,0.0,0,0,0,0,single_sample
MISS,miss,1,1,1,42,42,42,42,100.0,100.0,0.0,0,0,0,0,single_sample
MISTAKE,mistake,1,1,1,24,24,24,24,0.0,20.83,79.17,0,1,0,0,single_sample
MISUSED,misused,1,1,1,136,136,136,136,49.26,100.0,0.0,0,0,0,0,single_sample
MONEY,money,2,2,2,36.5,36.5,33,40,50.0,76.25,23.75,0,1,0,0,low_sample_count
MORE,more,1,1,1,37,37,37,37,94.59,97.3,0.0,0,0,0,0,single_sample
MOST,most,1,1,1,36,36,36,36,75.0,44.44,22.22,0,0,0,0,single_sample
MOTHER,mother,4,4,2,37.25,42.5,9,55,69.44,44.83,21.88,0,1,0,0,
MOUNTAIN,mountain,1,1,1,28,28,28,28,0.0,78.57,21.43,0,1,0,0,single_sample
MOUTH,mouth,1,1,1,38,38,38,38,100.0,94.74,0.0,0,0,0,0,single_sample
MOVE,move,1,1,1,32,32,32,32,78.12,96.88,0.0,0,0,0,0,single_sample
MUCH,much,2,2,1,21,21.0,21,21,78.57,64.28,11.9,0,0,0,0,low_sample_count
MULTIPLY,multiply,1,1,1,19,19,19,19,94.74,47.37,0.0,0,0,0,0,single_sample
MURDER,murder,1,1,1,51,51,51,51,94.12,88.24,0.0,0,0,0,0,single_sample
MUSHROOM,mushroom,1,1,1,80,80,80,80,0.0,90.0,10.0,0,1,0,0,single_sample
MUSIC,music,1,1,1,35,35,35,35,68.57,85.71,5.71,0,0,0,0,single_sample
MUST,must,3,3,2,27.67,27,25,31,69.89,74.27,9.68,0,0,0,0,
MY,my,3,2,2,31,31,21,41,96.83,98.41,0.0,0,0,0,0,
MYSELF,myself,1,1,1,17,17,17,17,0.0,100.0,0.0,0,1,0,0,single_sample
NAIROBI,nairobi,1,1,1,44,44,44,44,100.0,88.64,0.0,0,0,0,0,single_sample
NAME,name,4,4,2,37.75,36.5,20,58,91.87,86.09,4.15,0,0,0,0,
NARROW,narrow,1,1,1,31,31,31,31,64.52,54.84,22.58,0,0,0,0,single_sample
NEAR,near,1,1,1,36,36,36,36,91.67,100.0,0.0,0,0,0,0,single_sample
NECK,neck,1,1,1,15,15,15,15,100.0,100.0,0.0,0,0,0,0,single_sample
NEED,need,4,4,2,23.25,21.5,15,35,82.08,66.97,12.68,0,0,0,0,
NEIVEROL,neiverol,1,1,1,52,52,52,52,94.23,100.0,0.0,0,0,0,0,single_sample
NEPHEW,nephew,1,1,1,57,57,57,57,94.74,92.98,0.0,0,0,0,0,single_sample
NETBALL,netball,1,1,1,53,53,53,53,58.49,84.91,13.21,0,0,0,0,single_sample
NEUTRAL,neutral,1,1,1,86,86,86,86,1.16,100.0,0.0,0,0,0,0,single_sample
NEW,new,5,5,2,24.8,27,14,32,81.11,76.11,7.77,0,0,0,0,
NEXT,next,1,1,1,29,29,29,29,100.0,75.86,0.0,0,0,0,0,single_sample
NICE,nice,6,6,2,32.83,29.5,16,61,29.45,71.75,18.23,0,2,1,0,
NICE TWIST,nicetwist,1,1,1,39,39,39,39,74.36,64.1,23.08,0,0,0,0,contains_space;contains_unexpected_characters;single_sample
NIECE,niece,1,1,1,39,39,39,39,89.74,100.0,0.0,0,0,0,0,single_sample
NIGHT,night,4,4,2,33.25,34.0,14,51,67.16,40.23,28.62,0,0,0,0,
NO,no,3,3,1,28,16,12,56,33.33,100.0,0.0,0,2,0,0,
NORMAL,normal,1,1,1,45,45,45,45,86.67,86.67,0.0,0,0,0,0,single_sample
NOSTRIL,nostril,1,1,1,88,88,88,88,0.0,100.0,0.0,0,1,0,0,single_sample
NOT,not,1,1,1,32,32,32,32,100.0,90.62,0.0,0,0,0,0,single_sample
NOTES,notes,1,1,1,47,47,47,47,100.0,95.74,0.0,0,0,0,0,single_sample
NOTHING,nothing,10,10,2,31.2,32.0,20,44,87.86,88.83,6.37,0,0,0,0,
NOW,now,12,12,2,30.42,28.5,17,55,67.55,52.0,24.75,0,0,0,0,
NUMBER,number,1,1,1,48,48,48,48,83.33,75.0,4.17,0,0,0,0,single_sample
NURSE,nurse,1,1,1,24,24,24,24,0.0,37.5,62.5,0,1,0,0,single_sample
NYAMACHOMA,nyamachoma,1,1,1,71,71,71,71,83.1,47.89,15.49,0,0,0,0,single_sample
NYANGOMA,nyangoma,1,1,1,37,37,37,37,100.0,91.89,0.0,0,0,0,0,single_sample
OF,of,5,5,2,22.2,17,9,36,52.73,93.89,1.67,0,2,0,0,
OFF,off,2,2,1,35.5,35.5,32,39,100.0,95.31,0.0,0,0,0,0,low_sample_count
OIL,oil,1,1,1,21,21,21,21,100.0,100.0,0.0,0,0,0,0,single_sample
OLD,old,5,5,2,29.4,27,7,54,87.86,61.0,5.26,0,0,0,0,
OMENA,omena,1,1,1,32,32,32,32,84.38,78.12,15.62,0,0,0,0,single_sample
ON,on,2,2,1,27,27.0,26,28,62.64,98.22,1.78,0,0,0,0,low_sample_count
ONE,one,2,2,2,27.5,27.5,25,30,53.34,80.0,16.66,0,0,0,0,low_sample_count
ONIONS,onions,1,1,1,50,50,50,50,74.0,82.0,6.0,0,0,0,0,single_sample
ONLY,only,2,2,1,24,24.0,20,28,100.0,75.0,0.0,0,0,0,0,low_sample_count
OPEN,open,1,1,1,27,27,27,27,100.0,100.0,0.0,0,0,0,0,single_sample
OPERATE,operate,1,1,1,50,50,50,50,88.0,96.0,0.0,0,0,0,0,single_sample
OPPONENT,opponent,1,1,1,124,124,124,124,100.0,100.0,0.0,0,0,0,0,single_sample
OPPORTUNE,opportune,1,1,1,18,18,18,18,83.33,94.44,0.0,0,0,0,0,single_sample
OPPOSIT,opposit,1,1,1,17,17,17,17,58.82,70.59,17.65,0,0,0,0,single_sample
OPRESS,opress,1,1,1,20,20,20,20,45.0,35.0,40.0,0,0,0,0,single_sample
OTIENO,otieno,1,1,1,200,200,200,200,100.0,99.0,0.0,0,0,0,0,single_sample
OUR,our,1,1,1,39,39,39,39,100.0,100.0,0.0,0,0,0,0,single_sample
OURS,ours,1,1,1,32,32,32,32,96.88,100.0,0.0,0,0,0,0,single_sample
OVER,over,2,2,1,36.5,36.5,35,38,97.15,100.0,0.0,0,0,0,0,low_sample_count
PAIN,pain,3,3,1,29,26,23,38,95.92,98.25,0.88,0,0,0,0,
PAPER,paper,3,3,2,32.33,38,15,44,62.88,87.86,5.2,0,1,0,0,
PARENT,parent,2,2,2,38,38.0,36,40,100.0,86.11,0.0,0,0,0,0,low_sample_count
PARK,park,1,1,1,18,18,18,18,38.89,27.78,61.11,0,0,0,0,single_sample
PART,part,1,1,1,54,54,54,54,62.96,27.78,31.48,0,0,0,0,single_sample
PARTNER,partner,2,2,1,25,25.0,24,26,100.0,78.53,0.0,0,0,0,0,low_sample_count
PASS,pass,3,3,2,28.33,24,19,42,65.22,64.48,29.82,0,0,1,0,
PAST,past,22,22,2,39.18,38.5,18,92,66.48,65.52,15.29,0,4,0,0,
PATIENCE,patience,1,1,1,83,83,83,83,100.0,100.0,0.0,0,0,0,0,single_sample
PEN,pen,1,1,1,43,43,43,43,100.0,100.0,0.0,0,0,0,0,single_sample
PENCIL,pencil,1,1,1,22,22,22,22,90.91,45.45,0.0,0,0,0,0,single_sample
PEOPLE,people,6,6,2,33.33,36.5,23,41,78.27,59.14,13.57,0,0,0,0,
PERFECT,perfect,3,3,2,33,32,23,44,82.61,91.7,1.45,0,0,0,0,
PERFOM,perfom,1,1,1,120,120,120,120,100.0,100.0,0.0,0,0,0,0,single_sample
PERFOMANCE,perfomance,1,1,1,141,141,141,141,74.47,99.29,0.0,0,0,0,0,single_sample
PHONE,phone,4,4,2,37.25,37.0,20,55,82.56,58.7,9.09,0,0,0,0,
PICTURE,picture,1,1,1,13,13,13,13,46.15,46.15,53.85,0,0,0,0,single_sample
PIECE,piece,1,1,1,18,18,18,18,100.0,94.44,0.0,0,0,0,0,single_sample
PINEAPPLE,pineapple,1,1,1,153,153,153,153,100.0,98.04,0.0,0,0,0,0,single_sample
PLACE,place,1,1,1,49,49,49,49,6.12,20.41,79.59,0,0,0,0,single_sample
PLANT,plant,2,2,1,48,48.0,46,50,92.39,49.3,2.17,0,0,0,0,low_sample_count
PLAY,play,2,2,1,50.5,50.5,44,57,76.3,62.14,18.18,0,0,0,0,low_sample_count
PLEASE,please,4,4,2,39.25,37.5,19,63,47.62,94.74,5.26,0,1,0,0,
POEM,poem,1,1,1,48,48,48,48,100.0,100.0,0.0,0,0,0,0,single_sample
POLICE,police,2,2,2,79,79.0,41,117,95.85,88.53,0.0,0,0,0,0,low_sample_count
POLITICS,politics,1,1,1,40,40,40,40,92.5,65.0,0.0,0,0,0,0,single_sample
POOR,poor,1,1,1,26,26,26,26,100.0,84.62,0.0,0,0,0,0,single_sample
POSSIBLE,possible,2,2,1,50,50.0,39,61,82.78,95.08,3.28,0,0,0,0,low_sample_count
POST,post,1,1,1,52,52,52,52,100.0,86.54,0.0,0,0,0,0,single_sample
POWER,power,1,1,1,32,32,32,32,81.25,96.88,0.0,0,0,0,0,single_sample
PRAISE,praise,1,1,1,74,74,74,74,60.81,98.65,0.0,0,0,0,0,single_sample
PREACH,preach,1,1,1,29,29,29,29,93.1,86.21,0.0,0,0,0,0,single_sample
PREFECT,prefect,1,1,1,26,26,26,26,100.0,96.15,0.0,0,0,0,0,single_sample
PRESENT,present,1,1,1,37,37,37,37,75.68,56.76,24.32,0,0,0,0,single_sample
PRIZE,prize,2,2,1,39.5,39.5,33,46,100.0,88.05,0.0,0,0,0,0,low_sample_count
PROBLEM,problem,3,3,2,49,47,25,75,88.0,59.57,12.0,0,0,1,0,
PRODUCT,product,1,1,1,63,63,63,63,100.0,100.0,0.0,0,0,0,0,single_sample
PROMOTE,promote,1,1,1,36,36,36,36,88.89,100.0,0.0,0,0,0,0,single_sample
PROTECT,protect,1,1,1,45,45,45,45,55.56,77.78,22.22,0,0,0,0,single_sample
PUNCH,punch,1,1,1,39,39,39,39,0.0,46.15,53.85,0,1,0,0,single_sample
PUNISH,punish,1,1,1,30,30,30,30,83.33,86.67,0.0,0,0,0,0,single_sample
PUT,put,1,1,1,41,41,41,41,53.66,68.29,17.07,0,0,0,0,single_sample
QUESTION,question,2,2,2,28,28.0,28,28,50.0,100.0,0.0,0,1,0,0,low_sample_count
QUESTIONMARK,questionmark,1,1,1,28,28,28,28,0.0,96.43,3.57,0,1,0,0,single_sample
RACE,race,2,2,2,27,27.0,11,43,58.77,80.44,18.39,0,0,0,0,low_sample_count
READ,read,2,2,2,23.5,23.5,19,28,88.53,70.11,0.0,0,0,0,0,low_sample_count
RECEIVE,receive,1,1,1,30,30,30,30,100.0,100.0,0.0,0,0,0,0,single_sample
RECORD,record,1,1,1,40,40,40,40,100.0,87.5,0.0,0,0,0,0,single_sample
RED,red,1,1,1,22,22,22,22,9.09,86.36,13.64,0,0,0,0,single_sample
REFUSE,refuse,1,1,1,22,22,22,22,0.0,72.73,27.27,0,1,0,0,single_sample
REGISTER,register,1,1,1,31,31,31,31,96.77,93.55,0.0,0,0,0,0,single_sample
RELATE,relate,2,2,1,32,32.0,28,36,67.27,93.06,2.78,0,0,0,0,low_sample_count
RELAX,relax,1,1,1,18,18,18,18,61.11,100.0,0.0,0,0,0,0,single_sample
REMARKS,remarks,1,1,1,17,17,17,17,0.0,23.53,76.47,0,1,0,0,single_sample
REMEMBER,remember,3,3,1,40.67,38,25,59,79.41,87.22,1.9,0,0,0,0,
REPORT,report,3,3,2,35.67,30,15,62,56.7,70.57,27.78,0,0,0,0,
RESPECT,respect,3,3,2,46.67,45,44,51,68.1,88.3,7.47,0,0,0,0,
RESULTS,results,1,1,1,96,96,96,96,20.83,86.46,13.54,0,0,0,0,single_sample
RICH,rich,1,1,1,44,44,44,44,100.0,100.0,0.0,0,0,0,0,single_sample
RIGHT,right,1,1,1,36,36,36,36,91.67,41.67,5.56,0,0,0,0,single_sample
RING,ring,1,1,1,46,46,46,46,100.0,89.13,0.0,0,0,0,0,single_sample
RIVER,river,3,3,2,55,54,48,63,63.27,59.5,22.84,0,0,0,0,
ROAD,road,3,3,1,32.67,27,22,49,90.23,63.98,9.77,0,0,0,0,
ROAST,roast,1,1,1,39,39,39,39,82.05,100.0,0.0,0,0,0,0,single_sample
ROBBER,robber,1,1,1,33,33,33,33,100.0,51.52,0.0,0,0,0,0,single_sample
ROCK,rock,1,1,1,64,64,64,64,67.19,64.06,17.19,0,0,0,0,single_sample
ROLLS,rolls,1,1,1,29,29,29,29,96.55,100.0,0.0,0,0,0,0,single_sample
ROOM,room,5,5,2,29,24,22,48,74.94,79.17,6.63,0,0,0,0,
ROT,rot,1,1,1,21,21,21,21,9.52,85.71,14.29,0,0,0,0,single_sample
ROTATE,rotate,1,1,1,64,64,64,64,100.0,96.88,0.0,0,0,0,0,single_sample
RUDE,rude,1,1,1,41,41,41,41,97.56,92.68,0.0,0,0,0,0,single_sample
RUN,run,1,1,1,29,29,29,29,79.31,82.76,6.9,0,0,0,0,single_sample
SACRAMENT,sacrament,1,1,1,110,110,110,110,100.0,99.09,0.0,0,0,0,0,single_sample
SAFE,safe,2,2,2,35.5,35.5,29,42,70.48,88.75,6.48,0,0,0,0,low_sample_count
SALUTE,salute,1,1,1,26,26,26,26,0.0,100.0,0.0,0,1,0,0,single_sample
SAME,same,5,5,2,21.2,20,12,29,79.05,54.37,17.91,0,0,0,0,
SATISFY,satisfy,1,1,1,33,33,33,33,100.0,81.82,0.0,0,0,0,0,single_sample
SATURDAY,saturday,1,1,1,86,86,86,86,100.0,95.35,0.0,0,0,0,0,single_sample
SAUSAGE,sausage,1,1,1,30,30,30,30,80.0,100.0,0.0,0,0,0,0,single_sample
SAY,say,1,1,1,28,28,28,28,0.0,75.0,25.0,0,1,0,0,single_sample
SCHOOL,school,6,6,2,32.17,22.0,19,56,80.86,66.13,15.64,0,0,0,0,
SCIENCE,science,1,1,1,38,38,38,38,92.11,94.74,5.26,0,0,0,0,single_sample
SCOUT,scout,1,1,1,43,43,43,43,90.7,79.07,0.0,0,0,0,0,single_sample
SEAT,seat,1,1,1,41,41,41,41,58.54,75.61,14.63,0,0,0,0,single_sample
SECOND,second,1,1,1,23,23,23,23,4.35,100.0,0.0,0,0,0,0,single_sample
SECRET,secret,1,1,1,34,34,34,34,100.0,38.24,0.0,0,0,0,0,single_sample
SEE,see,5,5,1,30.6,27,19,51,96.7,90.49,0.78,0,0,0,0,
SELF,self,3,3,2,25.67,28,20,29,33.33,97.66,1.15,0,2,0,0,
SELFISH,selfish,1,1,1,30,30,30,30,93.33,60.0,6.67,0,0,0,0,single_sample
SENSE,sense,1,1,1,46,46,46,46,95.65,93.48,0.0,0,0,0,0,single_sample
SERIOIUS,serioius,1,1,1,28,28,28,28,100.0,100.0,0.0,0,0,0,0,single_sample
SERIOUS,serious,2,2,2,38.5,38.5,32,45,100.0,100.0,0.0,0,0,0,0,low_sample_count
SERMON,sermon,1,1,1,92,92,92,92,27.17,97.83,0.0,0,0,0,0,single_sample
SERVICE,service,1,1,1,45,45,45,45,77.78,68.89,20.0,0,0,0,0,single_sample
SEVEN,seven,1,1,1,29,29,29,29,75.86,72.41,13.79,0,0,0,0,single_sample
SHAPE,shape,1,1,1,39,39,39,39,100.0,100.0,0.0,0,0,0,0,single_sample
SHARE,share,1,1,1,33,33,33,33,100.0,90.91,0.0,0,0,0,0,single_sample
SHARPEN,sharpen,2,2,1,55,55.0,49,61,97.96,98.98,0.0,0,0,0,0,low_sample_count
SHE,she,13,13,2,34.54,32,15,67,72.89,82.15,9.11,0,3,0,0,
SHOE,shoe,1,1,1,19,19,19,19,94.74,94.74,5.26,0,0,0,0,single_sample
SHOES,shoes,2,2,1,36.5,36.5,35,38,52.94,42.06,42.78,0,0,0,0,low_sample_count
SHOP,shop,1,1,1,17,17,17,17,100.0,76.47,0.0,0,0,0,0,single_sample
SHORT,short,2,2,1,26.5,26.5,18,35,91.43,98.57,1.43,0,0,0,0,low_sample_count
SHOUT,shout,2,2,2,23,23.0,22,24,50.0,95.84,4.17,0,1,0,0,low_sample_count
SHOWN,shown,1,1,1,33,33,33,33,87.88,75.76,9.09,0,0,0,0,single_sample
SICK,sick,2,2,2,48,48.0,26,70,50.0,90.38,9.62,0,1,0,0,low_sample_count
SIGN,sign,1,1,1,40,40,40,40,80.0,80.0,10.0,0,0,0,0,single_sample
SILENCE,silence,1,1,1,42,42,42,42,0.0,100.0,0.0,0,1,0,0,single_sample
SILENT,silent,2,2,2,23,23.0,17,29,0.0,80.83,19.17,0,2,0,0,low_sample_count
SIMPLE,simple,1,1,1,57,57,57,57,91.23,87.72,1.75,0,0,0,0,single_sample
SING,sing,1,1,1,15,15,15,15,86.67,33.33,6.67,0,0,0,0,single_sample
SISTER,sister,3,3,1,25.67,26,17,34,92.83,87.25,0.0,0,0,0,0,
SIT,sit,2,2,1,25,25.0,19,31,69.95,100.0,0.0,0,0,0,0,low_sample_count
SLEEP,sleep,1,1,1,24,24,24,24,100.0,100.0,0.0,0,0,0,0,single_sample
SLOW,slow,1,1,1,60,60,60,60,75.0,53.33,13.33,0,0,0,0,single_sample
SMART,smart,4,4,2,24.75,23.0,22,31,89.96,94.32,5.68,0,0,0,0,
SMILE,smile,1,1,1,40,40,40,40,32.5,0.0,67.5,0,0,1,0,single_sample
SOCIAL,social,1,1,1,36,36,36,36,47.22,58.33,19.44,0,0,0,0,single_sample
SOCIETY,society,1,1,1,46,46,46,46,54.35,78.26,15.22,0,0,0,0,single_sample
SODA,soda,1,1,1,23,23,23,23,100.0,91.3,0.0,0,0,0,0,single_sample
SOFT,soft,1,1,1,30,30,30,30,93.33,96.67,0.0,0,0,0,0,single_sample
SOLD,sold,1,1,1,22,22,22,22,100.0,95.45,0.0,0,0,0,0,single_sample
SOLVE,solve,1,1,1,16,16,16,16,25.0,62.5,18.75,0,0,0,0,single_sample
SOME,some,6,6,2,22.67,22.5,13,35,97.62,85.88,2.38,0,0,0,0,
SON,son,1,1,1,48,48,48,48,100.0,97.92,0.0,0,0,0,0,single_sample
SOON,soon,2,2,1,92.5,92.5,91,94,92.56,97.34,0.0,0,0,0,0,low_sample_count
SOUP,soup,1,1,1,30,30,30,30,100.0,100.0,0.0,0,0,0,0,single_sample
SOUTH,south,1,1,1,44,44,44,44,100.0,97.73,0.0,0,0,0,0,single_sample
SPACE,space,1,1,1,35,35,35,35,100.0,97.14,0.0,0,0,0,0,single_sample
SPARE,spare,1,1,1,21,21,21,21,100.0,100.0,0.0,0,0,0,0,single_sample
SPEAK,speak,1,1,1,20,20,20,20,100.0,95.0,0.0,0,0,0,0,single_sample
SPECIAL,special,1,1,1,39,39,39,39,76.92,58.97,17.95,0,0,0,0,single_sample
SPEED,speed,1,1,1,44,44,44,44,65.91,75.0,4.55,0,0,0,0,single_sample
SPIRIT,spirit,1,1,1,26,26,26,26,80.77,34.62,19.23,0,0,0,0,single_sample
SPOON,spoon,2,2,1,21,21.0,11,31,50.0,88.71,0.0,0,1,0,0,low_sample_count
SPORTS,sports,1,1,1,17,17,17,17,100.0,94.12,0.0,0,0,0,0,single_sample
SPREAD,spread,2,2,2,37.5,37.5,34,41,50.0,90.25,9.76,0,1,0,0,low_sample_count
SPRINT,sprint,1,1,1,52,52,52,52,96.15,90.38,0.0,0,0,0,0,single_sample
STAN,stan,1,1,1,50,50,50,50,92.0,100.0,0.0,0,0,0,0,single_sample
STARS,stars,1,1,1,45,45,45,45,97.78,100.0,0.0,0,0,0,0,single_sample
START,start,2,2,2,24,24.0,17,31,67.56,77.99,1.61,0,0,0,0,low_sample_count
STAY,stay,1,1,1,38,38,38,38,71.05,52.63,21.05,0,0,0,0,single_sample
STIFF,stiff,2,2,2,35.5,35.5,27,44,95.45,50.0,4.54,0,0,1,0,low_sample_count
STOP,stop,3,3,2,26.33,27,16,36,57.64,56.79,14.58,0,0,1,0,
STORY,story,5,5,2,26.6,26,12,38,80.27,77.16,15.01,0,0,0,0,
STRAIGHT,straight,1,1,1,49,49,49,49,91.84,89.8,6.12,0,0,0,0,single_sample
STRICT,strict,1,1,1,29,29,29,29,100.0,79.31,0.0,0,0,0,0,single_sample
STRIKE,strike,2,2,2,48.5,48.5,43,54,50.0,98.15,1.85,0,1,0,0,low_sample_count
STRONG,strong,3,3,2,31,33,27,33,75.76,64.42,23.23,0,0,0,0,
STRUGGLE,struggle,2,2,1,39.5,39.5,33,46,88.31,89.13,1.08,0,0,0,0,low_sample_count
STUDENT,student,2,2,2,44.5,44.5,33,56,73.87,78.25,10.88,0,0,0,0,low_sample_count
STUDENTS,students,2,2,2,45.5,45.5,39,52,32.69,65.7,31.73,0,0,0,0,low_sample_count
STUPID,stupid,1,1,1,25,25,25,25,0.0,84.0,16.0,0,1,0,0,single_sample
SUBTRACT,subtract,1,1,1,43,43,43,43,83.72,86.05,0.0,0,0,0,0,single_sample
SUDAN,sudan,1,1,1,33,33,33,33,100.0,100.0,0.0,0,0,0,0,single_sample
SUGAR,sugar,1,1,1,38,38,38,38,2.63,68.42,31.58,0,0,0,0,single_sample
SUGARCANE,sugarcane,1,1,1,36,36,36,36,61.11,55.56,27.78,0,0,0,0,single_sample
SUN,sun,1,1,1,43,43,43,43,0.0,53.49,46.51,0,1,0,0,single_sample
SUPER,super,1,1,1,50,50,50,50,0.0,50.0,50.0,0,1,0,0,single_sample
SURE,sure,1,1,1,29,29,29,29,100.0,96.55,0.0,0,0,0,0,single_sample
SURFACE,surface,1,1,1,55,55,55,55,81.82,60.0,14.55,0,0,0,0,single_sample
SURPRISE,surprise,1,1,1,38,38,38,38,10.53,65.79,34.21,0,0,0,0,single_sample
SWAMP,swamp,1,1,1,46,46,46,46,93.48,58.7,4.35,0,0,0,0,single_sample
SWEAT,sweat,2,2,2,44.5,44.5,41,48,81.25,79.31,12.5,0,0,0,0,low_sample_count
SWEET,sweet,4,4,2,37.25,39.0,11,60,97.45,68.84,0.0,0,0,0,0,
SWEETHEART,sweetheart,1,1,1,40,40,40,40,100.0,100.0,0.0,0,0,0,0,single_sample
SWIM,swim,2,2,1,28,28.0,22,34,73.13,73.13,11.9,0,0,0,0,low_sample_count
TABLE,table,4,4,1,36.25,41.5,10,52,80.65,71.63,6.34,0,0,0,0,
TAKE,take,4,4,1,35.25,36.5,27,41,96.8,89.97,0.0,0,0,0,0,
TALL,tall,4,4,1,40.75,32.0,31,68,75.0,75.66,9.68,0,1,0,0,
TANA,tana,1,1,1,64,64,64,64,93.75,100.0,0.0,0,0,0,0,single_sample
TAP,tap,1,1,1,51,51,51,51,62.75,54.9,29.41,0,0,0,0,single_sample
TARGET,target,1,1,1,53,53,53,53,84.91,77.36,5.66,0,0,0,0,single_sample
TAX,tax,1,1,1,30,30,30,30,100.0,83.33,0.0,0,0,0,0,single_sample
TEA,tea,1,1,1,25,25,25,25,68.0,36.0,32.0,0,0,0,0,single_sample
TEACHER,teacher,5,5,2,36.6,26,14,71,67.51,92.56,7.44,0,0,0,0,
TEAM,team,2,2,1,48.5,48.5,41,56,100.0,99.1,0.0,0,0,0,0,low_sample_count
TEAR,tear,2,2,2,54,54.0,46,62,94.35,90.0,0.0,0,0,0,0,low_sample_count
TELL,tell,1,1,1,27,27,27,27,77.78,88.89,0.0,0,0,0,0,single_sample
TERRY,terry,1,1,1,45,45,45,45,0.0,82.22,17.78,0,1,0,0,single_sample
TEST,test,1,1,1,101,101,101,101,0.0,73.27,26.73,0,1,0,0,single_sample
THAT,that,15,15,2,30.93,27,12,55,82.28,83.15,1.05,0,0,0,0,
THEM,them,4,4,2,34.5,29.5,25,54,71.0,91.18,8.82,0,1,0,0,
THERE,there,7,7,2,21.43,21,15,28,71.68,89.73,2.86,0,1,0,0,
THEY,they,3,3,2,23.33,19,13,38,56.41,70.31,24.56,0,1,0,0,
THIEF,thief,2,2,2,42.5,42.5,31,54,74.17,75.81,14.52,0,0,0,0,low_sample_count
THIN,thin,1,1,1,44,44,44,44,70.45,77.27,15.91,0,0,0,0,single_sample
THINK,think,2,2,1,27,27.0,20,34,50.0,95.0,5.0,0,1,0,0,low_sample_count
THIS,this,16,16,2,31.88,25.5,14,74,74.78,70.83,10.61,0,1,0,0,
THOSE,those,1,1,1,40,40,40,40,97.5,100.0,0.0,0,0,0,0,single_sample
THROUGH,through,1,1,1,85,85,85,85,95.29,87.06,2.35,0,0,0,0,single_sample
THUMB,thumb,1,1,1,54,54,54,54,100.0,96.3,0.0,0,0,0,0,single_sample
TIE,tie,2,2,2,48.5,48.5,35,62,77.97,78.16,3.23,0,0,0,0,low_sample_count
TIME,time,5,5,2,45,39,20,81,81.24,72.05,10.27,0,0,0,0,
TODAY,today,5,5,2,28,28,20,33,66.97,49.04,26.82,0,0,0,0,
TOGETHER,together,2,2,2,39.5,39.5,31,48,50.77,61.02,34.81,0,0,0,0,low_sample_count
TOM,tom,1,1,1,51,51,51,51,100.0,100.0,0.0,0,0,0,0,single_sample
TOMATOE,tomatoe,1,1,1,42,42,42,42,97.62,92.86,2.38,0,0,0,0,single_sample
TOMMORROW,tommorrow,1,1,1,44,44,44,44,0.0,100.0,0.0,0,1,0,0,single_sample
TOMORROW,tomorrow,1,1,1,41,41,41,41,82.93,97.56,0.0,0,0,0,0,single_sample
TRADITION,tradition,1,1,1,25,25,25,25,100.0,92.0,0.0,0,0,0,0,single_sample
TRAIN,train,1,1,1,29,29,29,29,100.0,62.07,0.0,0,0,0,0,single_sample
TRANSPORT,transport,1,1,1,61,61,61,61,65.57,65.57,14.75,0,0,0,0,single_sample
TRAVEL,travel,1,1,1,30,30,30,30,96.67,100.0,0.0,0,0,0,0,single_sample
TREE,tree,4,4,2,41.5,35.0,18,78,94.77,84.45,0.0,0,0,0,0,
TRUE,true,17,17,2,26.41,26,17,37,76.65,64.38,17.04,0,1,2,0,
TSHIRT,tshirt,1,1,1,30,30,30,30,86.67,76.67,13.33,0,0,0,0,single_sample
TWIN,twin,1,1,1,38,38,38,38,100.0,76.32,0.0,0,0,0,0,single_sample
TWO,two,2,2,2,22.5,22.5,20,25,50.0,94.0,0.0,0,1,0,0,low_sample_count
TYPE,type,2,2,1,36.5,36.5,34,39,76.84,47.13,17.64,0,0,0,0,low_sample_count
UGALI,ugali,2,2,1,30.5,30.5,25,36,23.61,53.89,30.84,0,1,0,0,low_sample_count
UNDER,under,1,1,1,21,21,21,21,95.24,90.48,0.0,0,0,0,0,single_sample
UNDERSTAND,understand,1,1,1,31,31,31,31,100.0,100.0,0.0,0,0,0,0,single_sample
UNITE,unite,1,1,1,35,35,35,35,88.57,91.43,0.0,0,0,0,0,single_sample
UNITY,unity,1,1,1,39,39,39,39,100.0,84.62,0.0,0,0,0,0,single_sample
UNIVERSITY,university,1,1,1,24,24,24,24,58.33,75.0,16.67,0,0,0,0,single_sample
UP,up,5,5,2,33.4,35,25,42,51.5,70.92,15.62,0,1,0,0,
UPSET,upset,1,1,1,64,64,64,64,100.0,96.88,0.0,0,0,0,0,single_sample
US,us,2,2,2,29,29.0,14,44,100.0,72.72,0.0,0,0,0,0,low_sample_count
USE,use,4,4,2,31.25,27.5,18,52,97.92,84.22,1.04,0,0,0,0,
VALUE,value,1,1,1,18,18,18,18,83.33,88.89,5.56,0,0,0,0,single_sample
VERTICAL,vertical,1,1,1,64,64,64,64,15.62,60.94,39.06,0,0,0,0,single_sample
VERY,very,3,3,1,38,38,34,42,94.51,100.0,0.0,0,0,0,0,
VIDEO,video,2,2,2,57,57.0,57,57,60.52,32.46,28.07,0,0,0,0,low_sample_count
VIEW,view,1,1,1,22,22,22,22,90.91,90.91,0.0,0,0,0,0,single_sample
VILLAGE,village,3,3,1,34.67,33,29,42,100.0,84.23,0.0,0,0,0,0,
VISIT,visit,2,2,2,37,37.0,36,38,100.0,78.94,0.0,0,0,0,0,low_sample_count
VISITOR,visitor,2,2,2,26.5,26.5,26,27,79.06,49.43,13.32,0,0,0,0,low_sample_count
VISTOR,vistor,1,1,1,27,27,27,27,85.19,44.44,11.11,0,0,0,0,single_sample
VOCABULARY,vocabulary,1,1,1,24,24,24,24,0.0,100.0,0.0,0,1,0,0,single_sample
VOICE,voice,1,1,1,15,15,15,15,0.0,60.0,40.0,0,1,0,0,single_sample
VOLLEYBALL,volleyball,1,1,1,51,51,51,51,100.0,94.12,0.0,0,0,0,0,single_sample
VOLUME,volume,1,1,1,27,27,27,27,100.0,96.3,0.0,0,0,0,0,single_sample
WALK,walk,1,1,1,37,37,37,37,100.0,78.38,0.0,0,0,0,0,single_sample
WANT,want,5,5,2,25,26,17,30,78.67,78.65,0.0,0,1,0,0,
WARN,warn,2,2,2,41,41.0,32,50,2.0,53.69,45.31,0,1,0,0,low_sample_count
WARNING,warning,1,1,1,42,42,42,42,100.0,90.48,0.0,0,0,0,0,single_sample
WASTE,waste,1,1,1,17,17,17,17,64.71,58.82,35.29,0,0,0,0,single_sample
WATER,water,2,2,1,35,35.0,30,40,42.5,47.5,36.25,0,1,0,0,low_sample_count
WAY,way,1,1,1,31,31,31,31,67.74,77.42,19.35,0,0,0,0,single_sample
WE,we,9,9,2,32.67,33,18,50,64.96,72.24,7.83,0,1,0,0,
WEAR,wear,1,1,1,35,35,35,35,100.0,71.43,0.0,0,0,0,0,single_sample
WEATHER,weather,1,1,1,73,73,73,73,98.63,79.45,0.0,0,0,0,0,single_sample
WED,wed,2,2,1,40,40.0,18,62,62.91,77.86,16.93,0,0,0,0,low_sample_count
WEEK,week,2,2,1,34.5,34.5,29,40,76.03,79.35,6.89,0,0,0,0,low_sample_count
WELL,well,3,3,2,25.33,24,22,30,95.83,97.22,1.39,0,0,0,0,
WET,wet,1,1,1,49,49,49,49,100.0,87.76,0.0,0,0,0,0,single_sample
WHAT,what,3,3,2,28,23,20,41,86.35,60.17,7.14,0,0,0,0,
WHEEL,wheel,1,1,1,35,35,35,35,40.0,11.43,60.0,0,0,0,0,single_sample
WHEN,when,1,1,1,29,29,29,29,62.07,65.52,13.79,0,0,0,0,single_sample
WHERE,where,3,3,2,25.33,25,23,28,81.62,87.19,10.03,0,0,0,0,
WHISPER,whisper,1,1,1,43,43,43,43,100.0,95.35,0.0,0,0,0,0,single_sample
WHISTLE,whistle,1,1,1,37,37,37,37,100.0,48.65,0.0,0,0,0,0,single_sample
WHITE,white,2,2,2,34,34.0,24,44,48.87,80.68,0.0,0,1,0,0,low_sample_count
WHO,who,6,6,2,26.67,21.5,15,53,39.16,72.52,20.15,0,2,0,0,
WHOLE,whole,1,1,1,88,88,88,88,98.86,100.0,0.0,0,0,0,0,single_sample
WHY,why,1,1,1,20,20,20,20,100.0,100.0,0.0,0,0,0,0,single_sample
WIDE,wide,1,1,1,38,38,38,38,68.42,84.21,15.79,0,0,0,0,single_sample
WILD,wild,2,2,2,19.5,19.5,15,24,100.0,60.0,0.0,0,0,0,0,low_sample_count
WILL,will,1,1,1,10,10,10,10,100.0,0.0,0.0,0,0,1,0,single_sample
WIN,win,1,1,1,33,33,33,33,93.94,78.79,0.0,0,0,0,0,single_sample
WINDOW,window,1,1,1,19,19,19,19,68.42,68.42,15.79,0,0,0,0,single_sample
WINNIE,winnie,1,1,1,168,168,168,168,100.0,100.0,0.0,0,0,0,0,single_sample
WISE,wise,2,2,1,36,36.0,34,38,50.0,91.95,1.47,0,1,0,0,low_sample_count
WISH,wish,1,1,1,27,27,27,27,92.59,88.89,0.0,0,0,0,0,single_sample
WITHOUT,without,1,1,1,52,52,52,52,94.23,100.0,0.0,0,0,0,0,single_sample
WOMAN,woman,4,4,2,18,19.0,14,20,75.0,92.5,0.0,0,1,0,0,
WOMEN,women,1,1,1,22,22,22,22,100.0,100.0,0.0,0,0,0,0,single_sample
WOOD,wood,2,2,2,19.5,19.5,18,21,89.69,80.16,4.76,0,0,0,0,low_sample_count
WORD,word,3,3,2,18.67,18,15,23,55.56,97.78,0.0,0,1,0,0,
WORK,work,12,12,2,32.33,28.0,14,51,72.06,66.9,11.04,0,0,0,0,
WORKER,worker,1,1,1,21,21,21,21,71.43,90.48,0.0,0,0,0,0,single_sample
WORSHIP,worship,1,1,1,34,34,34,34,94.12,100.0,0.0,0,0,0,0,single_sample
WRINKLES,wrinkles,1,1,1,72,72,72,72,97.22,94.44,2.78,0,0,0,0,single_sample
WRIST,wrist,1,1,1,35,35,35,35,85.71,91.43,0.0,0,0,0,0,single_sample
WRITE,write,5,5,2,33,34,26,36,71.71,57.7,23.63,0,1,0,0,
YESTERDAY,yesterday,1,1,1,48,48,48,48,100.0,97.92,0.0,0,0,0,0,single_sample
YOU,you,19,19,2,25.47,22,10,47,69.63,76.41,10.32,0,3,0,0,
YOUNG,young,1,1,1,27,27,27,27,0.0,44.44,55.56,0,1,0,0,single_sample
YOUR,your,6,6,2,32.67,20.5,15,61,54.92,96.7,3.3,0,2,0,0,
YOURS,yours,14,14,2,26.29,23.0,12,67,69.7,97.83,2.17,0,4,0,0,
YOUTH,youth,1,1,1,32,32,32,32,100.0,93.75,0.0,0,0,0,0,single_sample
ZERO,zero,4,4,1,39.5,39.5,28,51,96.51,94.63,2.33,0,0,0,0,
ZIGZAG,zigzag,1,1,1,42,42,42,42,100.0,100.0,0.0,0,0,0,0,single_sample
